sequence,editseq,pbslength,rtlength,edit_rates
CCAATGATGTTGTAGTCCACGATGCGGGCATAGTGGATCAGGGAGAA,XXXXXXXXGTTGTAGTCCACGATGCcGGCXXXXXXXXXXXXXXXXXX,13,8,10.82316780090332
CCAATGATGTTGTAGTCCACGATGCGGGCATAGTGGATCAGGGAGAA,XXXXXXXXGTTGTAGTCCACGATGCcGGCATAGXXXXXXXXXXXXXX,13,12,13.80130386352539
CCAATGATGTTGTAGTCCACGATGCGGGCATAGTGGATCAGGGAGAA,XXXXXXXXGTTGTAGTCCACGATGCcGGCATAGTGGXXXXXXXXXXX,13,15,11.104690551757812
CCAATGATGTTGTAGTCCACGATGCGGGCATAGTGGATCAGGGAGAA,XXXXXXXXGTTGTAGTCCACGATGCcGGCATAGTGGATCAGXXXXXX,13,20,7.716564178466797
ACCCTGCGCCCCGCGCTGCGGCTGCGGTCGCTTTTGCTGGTGCACGT,XXXXXXXXCCCCGCGCTGCGGCTGCcGTCXXXXXXXXXXXXXXXXXX,13,8,18.750938415527344
ACCCTGCGCCCCGCGCTGCGGCTGCGGTCGCTTTTGCTGGTGCACGT,XXXXXXXXCCCCGCGCTGCGGCTGCcGTCGCTTXXXXXXXXXXXXXX,13,12,17.653451919555664
ACCCTGCGCCCCGCGCTGCGGCTGCGGTCGCTTTTGCTGGTGCACGT,XXXXXXXXCCCCGCGCTGCGGCTGCcGTCGCTTTTGXXXXXXXXXXX,13,15,16.237285614013672
ACCCTGCGCCCCGCGCTGCGGCTGCGGTCGCTTTTGCTGGTGCACGT,XXXXXXXXCCCCGCGCTGCGGCTGCcGTCGCTTTTGCTGGTXXXXXX,13,20,14.182977676391602
AATCCTTTGGGTGTATGGGTCGTAGGGAACTGAGAAGGGCCGAGGTA,XXXXXXXXGGGTGTATGGGTCGTAGcGAAXXXXXXXXXXXXXXXXXX,13,8,12.63876724243164
AATCCTTTGGGTGTATGGGTCGTAGGGAACTGAGAAGGGCCGAGGTA,XXXXXXXXGGGTGTATGGGTCGTAGcGAACTGAXXXXXXXXXXXXXX,13,12,11.169189453125
AATCCTTTGGGTGTATGGGTCGTAGGGAACTGAGAAGGGCCGAGGTA,XXXXXXXXGGGTGTATGGGTCGTAGcGAACTGAGAAXXXXXXXXXXX,13,15,8.434755325317383
AATCCTTTGGGTGTATGGGTCGTAGGGAACTGAGAAGGGCCGAGGTA,XXXXXXXXGGGTGTATGGGTCGTAGcGAACTGAGAAGGGCCXXXXXX,13,20,7.907731056213379
TGGCCTGCGCCACCGCGCAGCACTAGGGCATCGCGGGTGAGGCGGCG,XXXXXXXXGCCACCGCGCAGCACTAcGGCXXXXXXXXXXXXXXXXXX,13,8,10.140054702758789
TGGCCTGCGCCACCGCGCAGCACTAGGGCATCGCGGGTGAGGCGGCG,XXXXXXXXGCCACCGCGCAGCACTAcGGCATCGXXXXXXXXXXXXXX,13,12,11.540719985961914
TGGCCTGCGCCACCGCGCAGCACTAGGGCATCGCGGGTGAGGCGGCG,XXXXXXXXGCCACCGCGCAGCACTAcGGCATCGCGGXXXXXXXXXXX,13,15,9.591829299926758
TGGCCTGCGCCACCGCGCAGCACTAGGGCATCGCGGGTGAGGCGGCG,XXXXXXXXGCCACCGCGCAGCACTAcGGCATCGCGGGTGAGXXXXXX,13,20,7.2808122634887695
GCCACTAGGAGCGCTGGCGTGGACAGGAAGATCAGCTGCAGGGCCCA,XXXXXXXXGAGCGCTGGCGTGGACAcGAAXXXXXXXXXXXXXXXXXX,13,8,18.99529266357422
GCCACTAGGAGCGCTGGCGTGGACAGGAAGATCAGCTGCAGGGCCCA,XXXXXXXXGAGCGCTGGCGTGGACAcGAAGATCXXXXXXXXXXXXXX,13,12,18.70248031616211
GCCACTAGGAGCGCTGGCGTGGACAGGAAGATCAGCTGCAGGGCCCA,XXXXXXXXGAGCGCTGGCGTGGACAcGAAGATCAGCXXXXXXXXXXX,13,15,16.593538284301758
GCCACTAGGAGCGCTGGCGTGGACAGGAAGATCAGCTGCAGGGCCCA,XXXXXXXXGAGCGCTGGCGTGGACAcGAAGATCAGCTGCAGXXXXXX,13,20,12.058002471923828
CCCCTGCAGGAGTGCTATTTAGCATGGAGGTCACCTCCACCTACTTT,XXXXXXXXGGAGTGCTATTTAGCATcGAGXXXXXXXXXXXXXXXXXX,13,8,3.3568127155303955
CCCCTGCAGGAGTGCTATTTAGCATGGAGGTCACCTCCACCTACTTT,XXXXXXXXGGAGTGCTATTTAGCATcGAGGTCAXXXXXXXXXXXXXX,13,12,7.283425807952881
CCCCTGCAGGAGTGCTATTTAGCATGGAGGTCACCTCCACCTACTTT,XXXXXXXXGGAGTGCTATTTAGCATcGAGGTCACCTXXXXXXXXXXX,13,15,6.563974857330322
CCCCTGCAGGAGTGCTATTTAGCATGGAGGTCACCTCCACCTACTTT,XXXXXXXXGGAGTGCTATTTAGCATcGAGGTCACCTCCACCXXXXXX,13,20,5.841844081878662
ACTTGCAGAAACAGTATTGGCTGATGGGTTTGAGAGATTGGTGGAAC,XXXXXXXXAAACAGTATTGGCTGATcGGTXXXXXXXXXXXXXXXXXX,13,8,10.582624435424805
ACTTGCAGAAACAGTATTGGCTGATGGGTTTGAGAGATTGGTGGAAC,XXXXXXXXAAACAGTATTGGCTGATcGGTTTGAXXXXXXXXXXXXXX,13,12,11.422801971435547
ACTTGCAGAAACAGTATTGGCTGATGGGTTTGAGAGATTGGTGGAAC,XXXXXXXXAAACAGTATTGGCTGATcGGTTTGAGAGXXXXXXXXXXX,13,15,9.653070449829102
ACTTGCAGAAACAGTATTGGCTGATGGGTTTGAGAGATTGGTGGAAC,XXXXXXXXAAACAGTATTGGCTGATcGGTTTGAGAGATTGGXXXXXX,13,20,5.458731174468994
AGCAGCAGCAGCAACAGCACCACCCGGAGGACACCCCCGATCACAGC,XXXXXXXXCAGCAACAGCACCACCCcGAGXXXXXXXXXXXXXXXXXX,13,8,17.144155502319336
AGCAGCAGCAGCAACAGCACCACCCGGAGGACACCCCCGATCACAGC,XXXXXXXXCAGCAACAGCACCACCCcGAGGACAXXXXXXXXXXXXXX,13,12,18.3557071685791
AGCAGCAGCAGCAACAGCACCACCCGGAGGACACCCCCGATCACAGC,XXXXXXXXCAGCAACAGCACCACCCcGAGGACACCCXXXXXXXXXXX,13,15,15.742902755737305
AGCAGCAGCAGCAACAGCACCACCCGGAGGACACCCCCGATCACAGC,XXXXXXXXCAGCAACAGCACCACCCcGAGGACACCCCCGATXXXXXX,13,20,13.367286682128906
GCGAGGGTCCCCTACCCACTGGATGGGCTCTTTGAAGGTCCCCACCT,XXXXXXXXCCCCTACCCACTGGATGcGCTXXXXXXXXXXXXXXXXXX,13,8,14.785554885864258
GCGAGGGTCCCCTACCCACTGGATGGGCTCTTTGAAGGTCCCCACCT,XXXXXXXXCCCCTACCCACTGGATGcGCTCTTTXXXXXXXXXXXXXX,13,12,12.805839538574219
GCGAGGGTCCCCTACCCACTGGATGGGCTCTTTGAAGGTCCCCACCT,XXXXXXXXCCCCTACCCACTGGATGcGCTCTTTGAAXXXXXXXXXXX,13,15,11.157529830932617
GCGAGGGTCCCCTACCCACTGGATGGGCTCTTTGAAGGTCCCCACCT,XXXXXXXXCCCCTACCCACTGGATGcGCTCTTTGAAGGTCCXXXXXX,13,20,9.709005355834961
AGAGAGGTGGTGCCCAGTACCTACCGGGTCATCCTCAAAAATGATTT,XXXXXXXXGGTGCCCAGTACCTACCcGGTXXXXXXXXXXXXXXXXXX,13,8,7.638739109039307
AGAGAGGTGGTGCCCAGTACCTACCGGGTCATCCTCAAAAATGATTT,XXXXXXXXGGTGCCCAGTACCTACCcGGTCATCXXXXXXXXXXXXXX,13,12,8.84619426727295
AGAGAGGTGGTGCCCAGTACCTACCGGGTCATCCTCAAAAATGATTT,XXXXXXXXGGTGCCCAGTACCTACCcGGTCATCCTCXXXXXXXXXXX,13,15,7.974784851074219
AGAGAGGTGGTGCCCAGTACCTACCGGGTCATCCTCAAAAATGATTT,XXXXXXXXGGTGCCCAGTACCTACCcGGTCATCCTCAAAAAXXXXXX,13,20,6.379601955413818
AACGGAGAACGCAGGGCTGCGCCTTGGCATCACCGAGTCTGAAGAGG,XXXXXXXXACGCAGGGCTGCGCCTTcGCAXXXXXXXXXXXXXXXXXX,13,8,18.905426025390625
AACGGAGAACGCAGGGCTGCGCCTTGGCATCACCGAGTCTGAAGAGG,XXXXXXXXACGCAGGGCTGCGCCTTcGCATCACXXXXXXXXXXXXXX,13,12,21.207500457763672
AACGGAGAACGCAGGGCTGCGCCTTGGCATCACCGAGTCTGAAGAGG,XXXXXXXXACGCAGGGCTGCGCCTTcGCATCACCGAXXXXXXXXXXX,13,15,19.073535919189453
AACGGAGAACGCAGGGCTGCGCCTTGGCATCACCGAGTCTGAAGAGG,XXXXXXXXACGCAGGGCTGCGCCTTcGCATCACCGAGTCTGXXXXXX,13,20,14.970623016357422
ACCCGCCCATCACCCGCTCACAGTAGGACTACACCGACCACCAGAAC,XXXXXXXXATCACCCGCTCACAGTAcGACXXXXXXXXXXXXXXXXXX,13,8,20.636159896850586
ACCCGCCCATCACCCGCTCACAGTAGGACTACACCGACCACCAGAAC,XXXXXXXXATCACCCGCTCACAGTAcGACTACAXXXXXXXXXXXXXX,13,12,20.49068260192871
ACCCGCCCATCACCCGCTCACAGTAGGACTACACCGACCACCAGAAC,XXXXXXXXATCACCCGCTCACAGTAcGACTACACCGXXXXXXXXXXX,13,15,18.249521255493164
ACCCGCCCATCACCCGCTCACAGTAGGACTACACCGACCACCAGAAC,XXXXXXXXATCACCCGCTCACAGTAcGACTACACCGACCACXXXXXX,13,20,15.994304656982422
ATCCCCAGGATGTTGAAGGCCAGGCGGATCTCAGCTACCCAGGCATC,XXXXXXXXGATGTTGAAGGCCAGGCcGATXXXXXXXXXXXXXXXXXX,13,8,18.40977668762207
ATCCCCAGGATGTTGAAGGCCAGGCGGATCTCAGCTACCCAGGCATC,XXXXXXXXGATGTTGAAGGCCAGGCcGATCTCAXXXXXXXXXXXXXX,13,12,20.224567413330078
ATCCCCAGGATGTTGAAGGCCAGGCGGATCTCAGCTACCCAGGCATC,XXXXXXXXGATGTTGAAGGCCAGGCcGATCTCAGCTXXXXXXXXXXX,13,15,18.454668045043945
ATCCCCAGGATGTTGAAGGCCAGGCGGATCTCAGCTACCCAGGCATC,XXXXXXXXGATGTTGAAGGCCAGGCcGATCTCAGCTACCCAXXXXXX,13,20,15.450630187988281
AGCGGCTCACGCTCAACGGCATCTAGGAGTTCATCATGAAGAACTTC,XXXXXXXXACGCTCAACGGCATCTAcGAGXXXXXXXXXXXXXXXXXX,13,8,9.602685928344727
AGCGGCTCACGCTCAACGGCATCTAGGAGTTCATCATGAAGAACTTC,XXXXXXXXACGCTCAACGGCATCTAcGAGTTCAXXXXXXXXXXXXXX,13,12,10.147727966308594
AGCGGCTCACGCTCAACGGCATCTAGGAGTTCATCATGAAGAACTTC,XXXXXXXXACGCTCAACGGCATCTAcGAGTTCATCAXXXXXXXXXXX,13,15,8.967945098876953
AGCGGCTCACGCTCAACGGCATCTAGGAGTTCATCATGAAGAACTTC,XXXXXXXXACGCTCAACGGCATCTAcGAGTTCATCATGAAGXXXXXX,13,20,4.757711887359619
AAATACTCACATGTCCCTCATCAGAGGAGCATCCTCAGCTCCGACCA,XXXXXXXXACATGTCCCTCATCAGAcGAGXXXXXXXXXXXXXXXXXX,13,8,23.60450553894043
AAATACTCACATGTCCCTCATCAGAGGAGCATCCTCAGCTCCGACCA,XXXXXXXXACATGTCCCTCATCAGAcGAGCATCXXXXXXXXXXXXXX,13,12,26.659507751464844
AAATACTCACATGTCCCTCATCAGAGGAGCATCCTCAGCTCCGACCA,XXXXXXXXACATGTCCCTCATCAGAcGAGCATCCTCXXXXXXXXXXX,13,15,23.942712783813477
AAATACTCACATGTCCCTCATCAGAGGAGCATCCTCAGCTCCGACCA,XXXXXXXXACATGTCCCTCATCAGAcGAGCATCCTCAGCTCXXXXXX,13,20,19.80811309814453
CCCAATCCGCGCCAGGCGGATCACAGGGAACAGCGTGGGTGACACGA,XXXXXXXXGCGCCAGGCGGATCACAcGGAXXXXXXXXXXXXXXXXXX,13,8,11.417301177978516
CCCAATCCGCGCCAGGCGGATCACAGGGAACAGCGTGGGTGACACGA,XXXXXXXXGCGCCAGGCGGATCACAcGGAACAGXXXXXXXXXXXXXX,13,12,12.214229583740234
CCCAATCCGCGCCAGGCGGATCACAGGGAACAGCGTGGGTGACACGA,XXXXXXXXGCGCCAGGCGGATCACAcGGAACAGCGTXXXXXXXXXXX,13,15,10.577238082885742
CCCAATCCGCGCCAGGCGGATCACAGGGAACAGCGTGGGTGACACGA,XXXXXXXXGCGCCAGGCGGATCACAcGGAACAGCGTGGGTGXXXXXX,13,20,7.935598373413086
TCCGCTCCTGCGCTCTGCCACTGTCGGGAAATTCATGGTTGGCTACG,XXXXXXXXTGCGCTCTGCCACTGTCcGGAXXXXXXXXXXXXXXXXXX,13,8,10.407003402709961
TCCGCTCCTGCGCTCTGCCACTGTCGGGAAATTCATGGTTGGCTACG,XXXXXXXXTGCGCTCTGCCACTGTCcGGAAATTXXXXXXXXXXXXXX,13,12,10.417505264282227
TCCGCTCCTGCGCTCTGCCACTGTCGGGAAATTCATGGTTGGCTACG,XXXXXXXXTGCGCTCTGCCACTGTCcGGAAATTCATXXXXXXXXXXX,13,15,9.39791202545166
TCCGCTCCTGCGCTCTGCCACTGTCGGGAAATTCATGGTTGGCTACG,XXXXXXXXTGCGCTCTGCCACTGTCcGGAAATTCATGGTTGXXXXXX,13,20,5.741678237915039
CTGCGCACCCGCGGGTTTGCTATGGGGATGAGCAGCGGCGGCAGTGG,XXXXXXXXCCGCGGGTTTGCTATGGcGATXXXXXXXXXXXXXXXXXX,13,8,20.285846710205078
CTGCGCACCCGCGGGTTTGCTATGGGGATGAGCAGCGGCGGCAGTGG,XXXXXXXXCCGCGGGTTTGCTATGGcGATGAGCXXXXXXXXXXXXXX,13,12,19.41405487060547
CTGCGCACCCGCGGGTTTGCTATGGGGATGAGCAGCGGCGGCAGTGG,XXXXXXXXCCGCGGGTTTGCTATGGcGATGAGCAGCXXXXXXXXXXX,13,15,16.185651779174805
CTGCGCACCCGCGGGTTTGCTATGGGGATGAGCAGCGGCGGCAGTGG,XXXXXXXXCCGCGGGTTTGCTATGGcGATGAGCAGCGGCGGXXXXXX,13,20,11.176618576049805
CACACCCTGCAGGTTTTTGTTCTCCGGCTTGAAGGTCTCCAGATGTT,XXXXXXXXGCAGGTTTTTGTTCTCCcGCTXXXXXXXXXXXXXXXXXX,13,8,1.8288871049880981
CACACCCTGCAGGTTTTTGTTCTCCGGCTTGAAGGTCTCCAGATGTT,XXXXXXXXGCAGGTTTTTGTTCTCCcGCTTGAAXXXXXXXXXXXXXX,13,12,3.106496810913086
CACACCCTGCAGGTTTTTGTTCTCCGGCTTGAAGGTCTCCAGATGTT,XXXXXXXXGCAGGTTTTTGTTCTCCcGCTTGAAGGTXXXXXXXXXXX,13,15,3.276876926422119
CACACCCTGCAGGTTTTTGTTCTCCGGCTTGAAGGTCTCCAGATGTT,XXXXXXXXGCAGGTTTTTGTTCTCCcGCTTGAAGGTCTCCAXXXXXX,13,20,2.8483355045318604
TCTGTTCAGCCCCAGAACAGCCTGCGGGACATCGTCATCTGGATGCT,XXXXXXXXGCCCCAGAACAGCCTGCcGGAXXXXXXXXXXXXXXXXXX,13,8,9.325519561767578
TCTGTTCAGCCCCAGAACAGCCTGCGGGACATCGTCATCTGGATGCT,XXXXXXXXGCCCCAGAACAGCCTGCcGGACATCXXXXXXXXXXXXXX,13,12,10.342351913452148
TCTGTTCAGCCCCAGAACAGCCTGCGGGACATCGTCATCTGGATGCT,XXXXXXXXGCCCCAGAACAGCCTGCcGGACATCGTCXXXXXXXXXXX,13,15,10.444295883178711
TCTGTTCAGCCCCAGAACAGCCTGCGGGACATCGTCATCTGGATGCT,XXXXXXXXGCCCCAGAACAGCCTGCcGGACATCGTCATCTGXXXXXX,13,20,6.934981822967529
TGGGGTGAAAATACGCCAGGCCTCAGGGAGCTCGTCGCTGAGGGGAC,XXXXXXXXAAATACGCCAGGCCTCAcGGAXXXXXXXXXXXXXXXXXX,13,8,15.09660530090332
TGGGGTGAAAATACGCCAGGCCTCAGGGAGCTCGTCGCTGAGGGGAC,XXXXXXXXAAATACGCCAGGCCTCAcGGAGCTCXXXXXXXXXXXXXX,13,12,17.982213973999023
TGGGGTGAAAATACGCCAGGCCTCAGGGAGCTCGTCGCTGAGGGGAC,XXXXXXXXAAATACGCCAGGCCTCAcGGAGCTCGTCXXXXXXXXXXX,13,15,16.39088249206543
TGGGGTGAAAATACGCCAGGCCTCAGGGAGCTCGTCGCTGAGGGGAC,XXXXXXXXAAATACGCCAGGCCTCAcGGAGCTCGTCGCTGAXXXXXX,13,20,13.393495559692383
CCTCTGAGGGCGGCATGCGGGACTAGGACGAGGTGACCGCCTTCCTG,XXXXXXXXGGCGGCATGCGGGACTAcGACXXXXXXXXXXXXXXXXXX,13,8,21.125272750854492
CCTCTGAGGGCGGCATGCGGGACTAGGACGAGGTGACCGCCTTCCTG,XXXXXXXXGGCGGCATGCGGGACTAcGACGAGGXXXXXXXXXXXXXX,13,12,22.169239044189453
CCTCTGAGGGCGGCATGCGGGACTAGGACGAGGTGACCGCCTTCCTG,XXXXXXXXGGCGGCATGCGGGACTAcGACGAGGTGAXXXXXXXXXXX,13,15,18.69329261779785
CCTCTGAGGGCGGCATGCGGGACTAGGACGAGGTGACCGCCTTCCTG,XXXXXXXXGGCGGCATGCGGGACTAcGACGAGGTGACCGCCXXXXXX,13,20,17.57630729675293
ACCTGGGCGACTTCATCGAGCACTAGGCGCAGCTGGGCCCCAGCCAG,XXXXXXXXGACTTCATCGAGCACTAcGCGXXXXXXXXXXXXXXXXXX,13,8,15.13055419921875
ACCTGGGCGACTTCATCGAGCACTAGGCGCAGCTGGGCCCCAGCCAG,XXXXXXXXGACTTCATCGAGCACTAcGCGCAGCXXXXXXXXXXXXXX,13,12,16.612756729125977
ACCTGGGCGACTTCATCGAGCACTAGGCGCAGCTGGGCCCCAGCCAG,XXXXXXXXGACTTCATCGAGCACTAcGCGCAGCTGGXXXXXXXXXXX,13,15,14.058134078979492
ACCTGGGCGACTTCATCGAGCACTAGGCGCAGCTGGGCCCCAGCCAG,XXXXXXXXGACTTCATCGAGCACTAcGCGCAGCTGGGCCCCXXXXXX,13,20,11.811527252197266
TGCGCTCCAACGTGTACGAGGTCTAGGCCACGGACAAGGATGAGGGC,XXXXXXXXAACGTGTACGAGGTCTAcGCCXXXXXXXXXXXXXXXXXX,13,8,9.087820053100586
TGCGCTCCAACGTGTACGAGGTCTAGGCCACGGACAAGGATGAGGGC,XXXXXXXXAACGTGTACGAGGTCTAcGCCACGGXXXXXXXXXXXXXX,13,12,11.100875854492188
TGCGCTCCAACGTGTACGAGGTCTAGGCCACGGACAAGGATGAGGGC,XXXXXXXXAACGTGTACGAGGTCTAcGCCACGGACAXXXXXXXXXXX,13,15,10.525104522705078
TGCGCTCCAACGTGTACGAGGTCTAGGCCACGGACAAGGATGAGGGC,XXXXXXXXAACGTGTACGAGGTCTAcGCCACGGACAAGGATXXXXXX,13,20,9.393468856811523
ATTTCCTCCAGCAGCCCCAGCAGCCGGGCCTTGAAGAACACCTGCAG,XXXXXXXXCAGCAGCCCCAGCAGCCcGGCXXXXXXXXXXXXXXXXXX,13,8,4.881142616271973
ATTTCCTCCAGCAGCCCCAGCAGCCGGGCCTTGAAGAACACCTGCAG,XXXXXXXXCAGCAGCCCCAGCAGCCcGGCCTTGXXXXXXXXXXXXXX,13,12,6.23326301574707
ATTTCCTCCAGCAGCCCCAGCAGCCGGGCCTTGAAGAACACCTGCAG,XXXXXXXXCAGCAGCCCCAGCAGCCcGGCCTTGAAGXXXXXXXXXXX,13,15,6.28329610824585
ATTTCCTCCAGCAGCCCCAGCAGCCGGGCCTTGAAGAACACCTGCAG,XXXXXXXXCAGCAGCCCCAGCAGCCcGGCCTTGAAGAACACXXXXXX,13,20,6.265215873718262
GCAGCGCGGCGCTGCGTGCGCGGCCGGTGCAGGAAGTCGCAGGTGCA,XXXXXXXXGCGCTGCGTGCGCGGCCcGTGXXXXXXXXXXXXXXXXXX,13,8,14.438676834106445
GCAGCGCGGCGCTGCGTGCGCGGCCGGTGCAGGAAGTCGCAGGTGCA,XXXXXXXXGCGCTGCGTGCGCGGCCcGTGCAGGXXXXXXXXXXXXXX,13,12,13.36634635925293
GCAGCGCGGCGCTGCGTGCGCGGCCGGTGCAGGAAGTCGCAGGTGCA,XXXXXXXXGCGCTGCGTGCGCGGCCcGTGCAGGAAGXXXXXXXXXXX,13,15,12.688217163085938
GCAGCGCGGCGCTGCGTGCGCGGCCGGTGCAGGAAGTCGCAGGTGCA,XXXXXXXXGCGCTGCGTGCGCGGCCcGTGCAGGAAGTCGCAXXXXXX,13,20,11.555435180664062
TACCAGATGCAGGCTAGCCAGTGCGGGATGAGCGCAAAGGTGCACAT,XXXXXXXXGCAGGCTAGCCAGTGCGcGATXXXXXXXXXXXXXXXXXX,13,8,25.68330192565918
TACCAGATGCAGGCTAGCCAGTGCGGGATGAGCGCAAAGGTGCACAT,XXXXXXXXGCAGGCTAGCCAGTGCGcGATGAGCXXXXXXXXXXXXXX,13,12,23.345727920532227
TACCAGATGCAGGCTAGCCAGTGCGGGATGAGCGCAAAGGTGCACAT,XXXXXXXXGCAGGCTAGCCAGTGCGcGATGAGCGCAXXXXXXXXXXX,13,15,20.072715759277344
TACCAGATGCAGGCTAGCCAGTGCGGGATGAGCGCAAAGGTGCACAT,XXXXXXXXGCAGGCTAGCCAGTGCGcGATGAGCGCAAAGGTXXXXXX,13,20,17.968719482421875
ATTCCTTCCCAGGGGATTCTTGGCTGGGGGTTTGCCCTGAAGGTGCA,XXXXXXXXCCAGGGGATTCTTGGCTcGGGXXXXXXXXXXXXXXXXXX,13,8,0.8306795954704285
ATTCCTTCCCAGGGGATTCTTGGCTGGGGGTTTGCCCTGAAGGTGCA,XXXXXXXXCCAGGGGATTCTTGGCTcGGGGTTTXXXXXXXXXXXXXX,13,12,3.7680978775024414
ATTCCTTCCCAGGGGATTCTTGGCTGGGGGTTTGCCCTGAAGGTGCA,XXXXXXXXCCAGGGGATTCTTGGCTcGGGGTTTGCCXXXXXXXXXXX,13,15,3.98736572265625
ATTCCTTCCCAGGGGATTCTTGGCTGGGGGTTTGCCCTGAAGGTGCA,XXXXXXXXCCAGGGGATTCTTGGCTcGGGGTTTGCCCTGAAXXXXXX,13,20,3.7737693786621094
GCGGCCCGGCGGGCGGCGCGCTCTAGGCGCCCATCGCGCCCGGCGCC,XXXXXXXXGCGGGCGGCGCGCTCTAcGCGXXXXXXXXXXXXXXXXXX,13,8,13.40188217163086
GCGGCCCGGCGGGCGGCGCGCTCTAGGCGCCCATCGCGCCCGGCGCC,XXXXXXXXGCGGGCGGCGCGCTCTAcGCGCCCAXXXXXXXXXXXXXX,13,12,11.569181442260742
GCGGCCCGGCGGGCGGCGCGCTCTAGGCGCCCATCGCGCCCGGCGCC,XXXXXXXXGCGGGCGGCGCGCTCTAcGCGCCCATCGXXXXXXXXXXX,13,15,10.816143035888672
GCGGCCCGGCGGGCGGCGCGCTCTAGGCGCCCATCGCGCCCGGCGCC,XXXXXXXXGCGGGCGGCGCGCTCTAcGCGCCCATCGCGCCCXXXXXX,13,20,10.373048782348633
ACTGCCATTGGCCGAGTATGGCTCTGGGTCATCTTCATCTTCAGAAT,XXXXXXXXTGGCCGAGTATGGCTCTcGGTXXXXXXXXXXXXXXXXXX,13,8,11.266921997070312
ACTGCCATTGGCCGAGTATGGCTCTGGGTCATCTTCATCTTCAGAAT,XXXXXXXXTGGCCGAGTATGGCTCTcGGTCATCXXXXXXXXXXXXXX,13,12,14.998855590820312
ACTGCCATTGGCCGAGTATGGCTCTGGGTCATCTTCATCTTCAGAAT,XXXXXXXXTGGCCGAGTATGGCTCTcGGTCATCTTCXXXXXXXXXXX,13,15,14.668420791625977
ACTGCCATTGGCCGAGTATGGCTCTGGGTCATCTTCATCTTCAGAAT,XXXXXXXXTGGCCGAGTATGGCTCTcGGTCATCTTCATCTTXXXXXX,13,20,12.510759353637695
CAAACAGGATCTGCAGGCCCAAGACGGAGCTCACCGCATCGGGCAGC,XXXXXXXXATCTGCAGGCCCAAGACcGAGXXXXXXXXXXXXXXXXXX,13,8,16.840530395507812
CAAACAGGATCTGCAGGCCCAAGACGGAGCTCACCGCATCGGGCAGC,XXXXXXXXATCTGCAGGCCCAAGACcGAGCTCAXXXXXXXXXXXXXX,13,12,16.433673858642578
CAAACAGGATCTGCAGGCCCAAGACGGAGCTCACCGCATCGGGCAGC,XXXXXXXXATCTGCAGGCCCAAGACcGAGCTCACCGXXXXXXXXXXX,13,15,13.66231918334961
CAAACAGGATCTGCAGGCCCAAGACGGAGCTCACCGCATCGGGCAGC,XXXXXXXXATCTGCAGGCCCAAGACcGAGCTCACCGCATCGXXXXXX,13,20,9.615692138671875
GGAGTTAGTACTGGGCTAGTGGCCAGGCTGCAAGGTAAGATGTTGGC,XXXXXXXXTACTGGGCTAGTGGCCAcGCTXXXXXXXXXXXXXXXXXX,13,8,17.340118408203125
GGAGTTAGTACTGGGCTAGTGGCCAGGCTGCAAGGTAAGATGTTGGC,XXXXXXXXTACTGGGCTAGTGGCCAcGCTGCAAXXXXXXXXXXXXXX,13,12,17.638019561767578
GGAGTTAGTACTGGGCTAGTGGCCAGGCTGCAAGGTAAGATGTTGGC,XXXXXXXXTACTGGGCTAGTGGCCAcGCTGCAAGGTXXXXXXXXXXX,13,15,15.611949920654297
GGAGTTAGTACTGGGCTAGTGGCCAGGCTGCAAGGTAAGATGTTGGC,XXXXXXXXTACTGGGCTAGTGGCCAcGCTGCAAGGTAAGATXXXXXX,13,20,12.763723373413086
CTCCCCAGACACCCGAGCACCCACCGGCTTCGTGGATGATGAGGAGC,XXXXXXXXACACCCGAGCACCCACCcGCTXXXXXXXXXXXXXXXXXX,13,8,21.891704559326172
CTCCCCAGACACCCGAGCACCCACCGGCTTCGTGGATGATGAGGAGC,XXXXXXXXACACCCGAGCACCCACCcGCTTCGTXXXXXXXXXXXXXX,13,12,21.389793395996094
CTCCCCAGACACCCGAGCACCCACCGGCTTCGTGGATGATGAGGAGC,XXXXXXXXACACCCGAGCACCCACCcGCTTCGTGGAXXXXXXXXXXX,13,15,19.54322052001953
CTCCCCAGACACCCGAGCACCCACCGGCTTCGTGGATGATGAGGAGC,XXXXXXXXACACCCGAGCACCCACCcGCTTCGTGGATGATGXXXXXX,13,20,15.912691116333008
TAAGGAATGCCAGGCTCTGGAGGGTGGGTGAGTCGGGGGAGCCGGCT,XXXXXXXXGCCAGGCTCTGGAGGGTcGGTXXXXXXXXXXXXXXXXXX,13,8,15.108270645141602
TAAGGAATGCCAGGCTCTGGAGGGTGGGTGAGTCGGGGGAGCCGGCT,XXXXXXXXGCCAGGCTCTGGAGGGTcGGTGAGTXXXXXXXXXXXXXX,13,12,15.033342361450195
TAAGGAATGCCAGGCTCTGGAGGGTGGGTGAGTCGGGGGAGCCGGCT,XXXXXXXXGCCAGGCTCTGGAGGGTcGGTGAGTCGGXXXXXXXXXXX,13,15,12.151155471801758
TAAGGAATGCCAGGCTCTGGAGGGTGGGTGAGTCGGGGGAGCCGGCT,XXXXXXXXGCCAGGCTCTGGAGGGTcGGTGAGTCGGGGGAGXXXXXX,13,20,9.080120086669922
GCCAACCTGCCGGCCATGGAGACCCGGTCCCAGCGGCGCGCCACCCG,XXXXXXXXGCCGGCCATGGAGACCCcGTCXXXXXXXXXXXXXXXXXX,13,8,15.259769439697266
GCCAACCTGCCGGCCATGGAGACCCGGTCCCAGCGGCGCGCCACCCG,XXXXXXXXGCCGGCCATGGAGACCCcGTCCCAGXXXXXXXXXXXXXX,13,12,14.980842590332031
GCCAACCTGCCGGCCATGGAGACCCGGTCCCAGCGGCGCGCCACCCG,XXXXXXXXGCCGGCCATGGAGACCCcGTCCCAGCGGXXXXXXXXXXX,13,15,12.309858322143555
GCCAACCTGCCGGCCATGGAGACCCGGTCCCAGCGGCGCGCCACCCG,XXXXXXXXGCCGGCCATGGAGACCCcGTCCCAGCGGCGCGCXXXXXX,13,20,10.600154876708984
GCTTCCGCCTGCCTCCCAGCGAGTAGGTCATCGTGCCCTCCACCTAC,XXXXXXXXCTGCCTCCCAGCGAGTAcGTCXXXXXXXXXXXXXXXXXX,13,8,15.111349105834961
GCTTCCGCCTGCCTCCCAGCGAGTAGGTCATCGTGCCCTCCACCTAC,XXXXXXXXCTGCCTCCCAGCGAGTAcGTCATCGXXXXXXXXXXXXXX,13,12,16.159875869750977
GCTTCCGCCTGCCTCCCAGCGAGTAGGTCATCGTGCCCTCCACCTAC,XXXXXXXXCTGCCTCCCAGCGAGTAcGTCATCGTGCXXXXXXXXXXX,13,15,14.592714309692383
GCTTCCGCCTGCCTCCCAGCGAGTAGGTCATCGTGCCCTCCACCTAC,XXXXXXXXCTGCCTCCCAGCGAGTAcGTCATCGTGCCCTCCXXXXXX,13,20,12.200584411621094
ACGAGAAGCCGCCGTTCAGCTACAAGGCGCTCATCATGATGGCCATC,XXXXXXXXCCGCCGTTCAGCTACAAcGCGXXXXXXXXXXXXXXXXXX,13,8,15.846662521362305
ACGAGAAGCCGCCGTTCAGCTACAAGGCGCTCATCATGATGGCCATC,XXXXXXXXCCGCCGTTCAGCTACAAcGCGCTCAXXXXXXXXXXXXXX,13,12,15.076072692871094
ACGAGAAGCCGCCGTTCAGCTACAAGGCGCTCATCATGATGGCCATC,XXXXXXXXCCGCCGTTCAGCTACAAcGCGCTCATCAXXXXXXXXXXX,13,15,13.484060287475586
ACGAGAAGCCGCCGTTCAGCTACAAGGCGCTCATCATGATGGCCATC,XXXXXXXXCCGCCGTTCAGCTACAAcGCGCTCATCATGATGXXXXXX,13,20,8.588798522949219
GGTTTTGTGTCTTTCCCTCCAGGCTGGCGCTTCTTCTTCCCCTGTGA,XXXXXXXXGTCTTTCCCTCCAGGCTcGCGXXXXXXXXXXXXXXXXXX,13,8,10.139623641967773
GGTTTTGTGTCTTTCCCTCCAGGCTGGCGCTTCTTCTTCCCCTGTGA,XXXXXXXXGTCTTTCCCTCCAGGCTcGCGCTTCXXXXXXXXXXXXXX,13,12,11.87181282043457
GGTTTTGTGTCTTTCCCTCCAGGCTGGCGCTTCTTCTTCCCCTGTGA,XXXXXXXXGTCTTTCCCTCCAGGCTcGCGCTTCTTCXXXXXXXXXXX,13,15,12.17619514465332
GGTTTTGTGTCTTTCCCTCCAGGCTGGCGCTTCTTCTTCCCCTGTGA,XXXXXXXXGTCTTTCCCTCCAGGCTcGCGCTTCTTCTTCCCXXXXXX,13,20,11.019224166870117
ACAGACCCCTTCTTCATCGTGGAAAGGCTGTGTATCATCTGGTTCTC,XXXXXXXXCTTCTTCATCGTGGAAAcGCTXXXXXXXXXXXXXXXXXX,13,8,14.677318572998047
ACAGACCCCTTCTTCATCGTGGAAAGGCTGTGTATCATCTGGTTCTC,XXXXXXXXCTTCTTCATCGTGGAAAcGCTGTGTXXXXXXXXXXXXXX,13,12,16.479629516601562
ACAGACCCCTTCTTCATCGTGGAAAGGCTGTGTATCATCTGGTTCTC,XXXXXXXXCTTCTTCATCGTGGAAAcGCTGTGTATCXXXXXXXXXXX,13,15,14.48701286315918
ACAGACCCCTTCTTCATCGTGGAAAGGCTGTGTATCATCTGGTTCTC,XXXXXXXXCTTCTTCATCGTGGAAAcGCTGTGTATCATCTGXXXXXX,13,20,8.074467658996582
CCCCTCATCCTTGGGCTGGAAGAAGGGCCCACGGGCCTGGGCGTGGA,XXXXXXXXCCTTGGGCTGGAAGAAGcGCCXXXXXXXXXXXXXXXXXX,13,8,10.80731201171875
CCCCTCATCCTTGGGCTGGAAGAAGGGCCCACGGGCCTGGGCGTGGA,XXXXXXXXCCTTGGGCTGGAAGAAGcGCCCACGXXXXXXXXXXXXXX,13,12,9.57194709777832
CCCCTCATCCTTGGGCTGGAAGAAGGGCCCACGGGCCTGGGCGTGGA,XXXXXXXXCCTTGGGCTGGAAGAAGcGCCCACGGGCXXXXXXXXXXX,13,15,8.410263061523438
CCCCTCATCCTTGGGCTGGAAGAAGGGCCCACGGGCCTGGGCGTGGA,XXXXXXXXCCTTGGGCTGGAAGAAGcGCCCACGGGCCTGGGXXXXXX,13,20,6.062389373779297
GTCCTGCAGGAAGCGGCCCTGCTCCGGGATGTTCTTGTGGGCCACGT,XXXXXXXXGGAAGCGGCCCTGCTCCcGGAXXXXXXXXXXXXXXXXXX,13,8,6.452691078186035
GTCCTGCAGGAAGCGGCCCTGCTCCGGGATGTTCTTGTGGGCCACGT,XXXXXXXXGGAAGCGGCCCTGCTCCcGGATGTTXXXXXXXXXXXXXX,13,12,8.616447448730469
GTCCTGCAGGAAGCGGCCCTGCTCCGGGATGTTCTTGTGGGCCACGT,XXXXXXXXGGAAGCGGCCCTGCTCCcGGATGTTCTTXXXXXXXXXXX,13,15,8.534423828125
GTCCTGCAGGAAGCGGCCCTGCTCCGGGATGTTCTTGTGGGCCACGT,XXXXXXXXGGAAGCGGCCCTGCTCCcGGATGTTCTTGTGGGXXXXXX,13,20,6.055891513824463
TAGAGAGCTTCCACCAGGTGTGAGCGGCACAGGTGTTGGTTCACAAA,XXXXXXXXTTCCACCAGGTGTGAGCcGCAXXXXXXXXXXXXXXXXXX,13,8,18.818256378173828
TAGAGAGCTTCCACCAGGTGTGAGCGGCACAGGTGTTGGTTCACAAA,XXXXXXXXTTCCACCAGGTGTGAGCcGCACAGGXXXXXXXXXXXXXX,13,12,19.228517532348633
TAGAGAGCTTCCACCAGGTGTGAGCGGCACAGGTGTTGGTTCACAAA,XXXXXXXXTTCCACCAGGTGTGAGCcGCACAGGTGTXXXXXXXXXXX,13,15,17.1497745513916
TAGAGAGCTTCCACCAGGTGTGAGCGGCACAGGTGTTGGTTCACAAA,XXXXXXXXTTCCACCAGGTGTGAGCcGCACAGGTGTTGGTTXXXXXX,13,20,14.350969314575195
GCCGGCTGCGTGGCGGAGGGCGCCCGGCACATCATCTTGGCGGCGAC,XXXXXXXXCGTGGCGGAGGGCGCCCcGCAXXXXXXXXXXXXXXXXXX,13,8,9.189205169677734
GCCGGCTGCGTGGCGGAGGGCGCCCGGCACATCATCTTGGCGGCGAC,XXXXXXXXCGTGGCGGAGGGCGCCCcGCACATCXXXXXXXXXXXXXX,13,12,10.477788925170898
GCCGGCTGCGTGGCGGAGGGCGCCCGGCACATCATCTTGGCGGCGAC,XXXXXXXXCGTGGCGGAGGGCGCCCcGCACATCATCXXXXXXXXXXX,13,15,11.295957565307617
GCCGGCTGCGTGGCGGAGGGCGCCCGGCACATCATCTTGGCGGCGAC,XXXXXXXXCGTGGCGGAGGGCGCCCcGCACATCATCTTGGCXXXXXX,13,20,11.131631851196289
GTACTTCATCTTCCTGCTCAGCACCGGGGCTGGGGGGCTCGGCCTGA,XXXXXXXXTCTTCCTGCTCAGCACCcGGGXXXXXXXXXXXXXXXXXX,13,8,15.81912612915039
GTACTTCATCTTCCTGCTCAGCACCGGGGCTGGGGGGCTCGGCCTGA,XXXXXXXXTCTTCCTGCTCAGCACCcGGGCTGGXXXXXXXXXXXXXX,13,12,14.251941680908203
GTACTTCATCTTCCTGCTCAGCACCGGGGCTGGGGGGCTCGGCCTGA,XXXXXXXXTCTTCCTGCTCAGCACCcGGGCTGGGGGXXXXXXXXXXX,13,15,11.535820007324219
GTACTTCATCTTCCTGCTCAGCACCGGGGCTGGGGGGCTCGGCCTGA,XXXXXXXXTCTTCCTGCTCAGCACCcGGGCTGGGGGGCTCGXXXXXX,13,20,8.640668869018555
TTTGTTTCAGGACCTGCTTCGCTGCGGTGTCCTGACTTCTGGAATCT,XXXXXXXXAGGACCTGCTTCGCTGCcGTGXXXXXXXXXXXXXXXXXX,13,8,21.75480842590332
TTTGTTTCAGGACCTGCTTCGCTGCGGTGTCCTGACTTCTGGAATCT,XXXXXXXXAGGACCTGCTTCGCTGCcGTGTCCTXXXXXXXXXXXXXX,13,12,20.329299926757812
TTTGTTTCAGGACCTGCTTCGCTGCGGTGTCCTGACTTCTGGAATCT,XXXXXXXXAGGACCTGCTTCGCTGCcGTGTCCTGACXXXXXXXXXXX,13,15,19.44040298461914
TTTGTTTCAGGACCTGCTTCGCTGCGGTGTCCTGACTTCTGGAATCT,XXXXXXXXAGGACCTGCTTCGCTGCcGTGTCCTGACTTCTGXXXXXX,13,20,15.309225082397461
AATTCCTAGTGGGCAAGTCCTGGGCGGACGCTGCTTTGAGGCCCGGA,XXXXXXXXGTGGGCAAGTCCTGGGCcGACXXXXXXXXXXXXXXXXXX,13,8,14.42933464050293
AATTCCTAGTGGGCAAGTCCTGGGCGGACGCTGCTTTGAGGCCCGGA,XXXXXXXXGTGGGCAAGTCCTGGGCcGACGCTGXXXXXXXXXXXXXX,13,12,14.519979476928711
AATTCCTAGTGGGCAAGTCCTGGGCGGACGCTGCTTTGAGGCCCGGA,XXXXXXXXGTGGGCAAGTCCTGGGCcGACGCTGCTTXXXXXXXXXXX,13,15,12.853885650634766
AATTCCTAGTGGGCAAGTCCTGGGCGGACGCTGCTTTGAGGCCCGGA,XXXXXXXXGTGGGCAAGTCCTGGGCcGACGCTGCTTTGAGGXXXXXX,13,20,9.364561080932617
CGGTACCTCGCAGACATCTTCACCAGGTGTGTGGACATTCGCTGGCG,XXXXXXXXCGCAGACATCTTCACCAcGTGXXXXXXXXXXXXXXXXXX,13,8,17.614337921142578
CGGTACCTCGCAGACATCTTCACCAGGTGTGTGGACATTCGCTGGCG,XXXXXXXXCGCAGACATCTTCACCAcGTGTGTGXXXXXXXXXXXXXX,13,12,19.916791915893555
CGGTACCTCGCAGACATCTTCACCAGGTGTGTGGACATTCGCTGGCG,XXXXXXXXCGCAGACATCTTCACCAcGTGTGTGGACXXXXXXXXXXX,13,15,17.258569717407227
CGGTACCTCGCAGACATCTTCACCAGGTGTGTGGACATTCGCTGGCG,XXXXXXXXCGCAGACATCTTCACCAcGTGTGTGGACATTCGXXXXXX,13,20,10.33102035522461
ATGGAGAGGATGACAACCACGAAGTGGAAGATATTCCAGCTGTTGGT,XXXXXXXXGATGACAACCACGAAGTcGAAXXXXXXXXXXXXXXXXXX,13,8,17.330995559692383
ATGGAGAGGATGACAACCACGAAGTGGAAGATATTCCAGCTGTTGGT,XXXXXXXXGATGACAACCACGAAGTcGAAGATAXXXXXXXXXXXXXX,13,12,18.74134063720703
ATGGAGAGGATGACAACCACGAAGTGGAAGATATTCCAGCTGTTGGT,XXXXXXXXGATGACAACCACGAAGTcGAAGATATTCXXXXXXXXXXX,13,15,17.9224796295166
ATGGAGAGGATGACAACCACGAAGTGGAAGATATTCCAGCTGTTGGT,XXXXXXXXGATGACAACCACGAAGTcGAAGATATTCCAGCTXXXXXX,13,20,14.689998626708984
TTTGCCTTCTCCCTCAGCATCTACAGGCCATTCACTGAGGACACACC,XXXXXXXXCTCCCTCAGCATCTACAcGCCXXXXXXXXXXXXXXXXXX,13,8,5.504028797149658
TTTGCCTTCTCCCTCAGCATCTACAGGCCATTCACTGAGGACACACC,XXXXXXXXCTCCCTCAGCATCTACAcGCCATTCXXXXXXXXXXXXXX,13,12,7.052084445953369
TTTGCCTTCTCCCTCAGCATCTACAGGCCATTCACTGAGGACACACC,XXXXXXXXCTCCCTCAGCATCTACAcGCCATTCACTXXXXXXXXXXX,13,15,6.3807373046875
TTTGCCTTCTCCCTCAGCATCTACAGGCCATTCACTGAGGACACACC,XXXXXXXXCTCCCTCAGCATCTACAcGCCATTCACTGAGGAXXXXXX,13,20,5.898351669311523
TCCATGTGTGGCTGCTCCATGTTGCGGATGGCGTACCAGATGCAGGC,XXXXXXXXTGGCTGCTCCATGTTGCcGATXXXXXXXXXXXXXXXXXX,13,8,19.24103355407715
TCCATGTGTGGCTGCTCCATGTTGCGGATGGCGTACCAGATGCAGGC,XXXXXXXXTGGCTGCTCCATGTTGCcGATGGCGXXXXXXXXXXXXXX,13,12,21.25596809387207
TCCATGTGTGGCTGCTCCATGTTGCGGATGGCGTACCAGATGCAGGC,XXXXXXXXTGGCTGCTCCATGTTGCcGATGGCGTACXXXXXXXXXXX,13,15,19.33580207824707
TCCATGTGTGGCTGCTCCATGTTGCGGATGGCGTACCAGATGCAGGC,XXXXXXXXTGGCTGCTCCATGTTGCcGATGGCGTACCAGATXXXXXX,13,20,16.412511825561523
GGCCCCATGCCAGGACCACCTCCTCGGTGGGGAATGCAGAAGGTCTT,XXXXXXXXGCCAGGACCACCTCCTCcGTGXXXXXXXXXXXXXXXXXX,13,8,14.599649429321289
GGCCCCATGCCAGGACCACCTCCTCGGTGGGGAATGCAGAAGGTCTT,XXXXXXXXGCCAGGACCACCTCCTCcGTGGGGAXXXXXXXXXXXXXX,13,12,13.532205581665039
GGCCCCATGCCAGGACCACCTCCTCGGTGGGGAATGCAGAAGGTCTT,XXXXXXXXGCCAGGACCACCTCCTCcGTGGGGAATGXXXXXXXXXXX,13,15,12.106019973754883
GGCCCCATGCCAGGACCACCTCCTCGGTGGGGAATGCAGAAGGTCTT,XXXXXXXXGCCAGGACCACCTCCTCcGTGGGGAATGCAGAAXXXXXX,13,20,10.109214782714844
TTCTTCAGCATCACCAAGGTGATGAGGATCACTGTCGCTATGACAAC,XXXXXXXXCATCACCAAGGTGATGAcGATXXXXXXXXXXXXXXXXXX,13,8,6.977548599243164
TTCTTCAGCATCACCAAGGTGATGAGGATCACTGTCGCTATGACAAC,XXXXXXXXCATCACCAAGGTGATGAcGATCACTXXXXXXXXXXXXXX,13,12,9.938798904418945
TTCTTCAGCATCACCAAGGTGATGAGGATCACTGTCGCTATGACAAC,XXXXXXXXCATCACCAAGGTGATGAcGATCACTGTCXXXXXXXXXXX,13,15,10.302289962768555
TTCTTCAGCATCACCAAGGTGATGAGGATCACTGTCGCTATGACAAC,XXXXXXXXCATCACCAAGGTGATGAcGATCACTGTCGCTATXXXXXX,13,20,7.273458957672119
CATCCAGCACCTGCAGCCGGCCCACGGGCTCAGCGCCAGCCCCACAG,XXXXXXXXACCTGCAGCCGGCCCACcGGCXXXXXXXXXXXXXXXXXX,13,8,17.698326110839844
CATCCAGCACCTGCAGCCGGCCCACGGGCTCAGCGCCAGCCCCACAG,XXXXXXXXACCTGCAGCCGGCCCACcGGCTCAGXXXXXXXXXXXXXX,13,12,18.10042381286621
CATCCAGCACCTGCAGCCGGCCCACGGGCTCAGCGCCAGCCCCACAG,XXXXXXXXACCTGCAGCCGGCCCACcGGCTCAGCGCXXXXXXXXXXX,13,15,16.400955200195312
CATCCAGCACCTGCAGCCGGCCCACGGGCTCAGCGCCAGCCCCACAG,XXXXXXXXACCTGCAGCCGGCCCACcGGCTCAGCGCCAGCCXXXXXX,13,20,15.791881561279297
GGTGTCCTACCCCTTTGACACTGTTGGTCGTAGAATGATGATGCAGT,XXXXXXXXACCCCTTTGACACTGTTcGTCXXXXXXXXXXXXXXXXXX,13,8,14.259578704833984
GGTGTCCTACCCCTTTGACACTGTTGGTCGTAGAATGATGATGCAGT,XXXXXXXXACCCCTTTGACACTGTTcGTCGTAGXXXXXXXXXXXXXX,13,12,17.150745391845703
GGTGTCCTACCCCTTTGACACTGTTGGTCGTAGAATGATGATGCAGT,XXXXXXXXACCCCTTTGACACTGTTcGTCGTAGAATXXXXXXXXXXX,13,15,13.790746688842773
GGTGTCCTACCCCTTTGACACTGTTGGTCGTAGAATGATGATGCAGT,XXXXXXXXACCCCTTTGACACTGTTcGTCGTAGAATGATGAXXXXXX,13,20,9.348678588867188
TGAACCGAGACCCCAAGAACATTAAGGAGGACATAGTCAAGGTAGGC,XXXXXXXXGACCCCAAGAACATTAAcGAGXXXXXXXXXXXXXXXXXX,13,8,-1.2997970581054688
TGAACCGAGACCCCAAGAACATTAAGGAGGACATAGTCAAGGTAGGC,XXXXXXXXGACCCCAAGAACATTAAcGAGGACAXXXXXXXXXXXXXX,13,12,1.8451004028320312
TGAACCGAGACCCCAAGAACATTAAGGAGGACATAGTCAAGGTAGGC,XXXXXXXXGACCCCAAGAACATTAAcGAGGACATAGXXXXXXXXXXX,13,15,0.7470420598983765
TGAACCGAGACCCCAAGAACATTAAGGAGGACATAGTCAAGGTAGGC,XXXXXXXXGACCCCAAGAACATTAAcGAGGACATAGTCAAGXXXXXX,13,20,-2.369725465774536
GCCGCCGACAGGCTCAGATTCGCGCGGAACACGCTCAGCACATCCTC,XXXXXXXXCAGGCTCAGATTCGCGCcGAAXXXXXXXXXXXXXXXXXX,13,8,10.065555572509766
GCCGCCGACAGGCTCAGATTCGCGCGGAACACGCTCAGCACATCCTC,XXXXXXXXCAGGCTCAGATTCGCGCcGAACACGXXXXXXXXXXXXXX,13,12,10.978034973144531
GCCGCCGACAGGCTCAGATTCGCGCGGAACACGCTCAGCACATCCTC,XXXXXXXXCAGGCTCAGATTCGCGCcGAACACGCTCXXXXXXXXXXX,13,15,8.152032852172852
GCCGCCGACAGGCTCAGATTCGCGCGGAACACGCTCAGCACATCCTC,XXXXXXXXCAGGCTCAGATTCGCGCcGAACACGCTCAGCACXXXXXX,13,20,6.8139567375183105
ATGGGCATTCTTCATAAACATTTCTGGGACTTTATCCCGTCCCATTT,XXXXXXXXTCTTCATAAACATTTCTcGGAXXXXXXXXXXXXXXXXXX,13,8,-5.46380615234375
ATGGGCATTCTTCATAAACATTTCTGGGACTTTATCCCGTCCCATTT,XXXXXXXXTCTTCATAAACATTTCTcGGACTTTXXXXXXXXXXXXXX,13,12,-1.045975685119629
ATGGGCATTCTTCATAAACATTTCTGGGACTTTATCCCGTCCCATTT,XXXXXXXXTCTTCATAAACATTTCTcGGACTTTATCXXXXXXXXXXX,13,15,-0.021125435829162598
ATGGGCATTCTTCATAAACATTTCTGGGACTTTATCCCGTCCCATTT,XXXXXXXXTCTTCATAAACATTTCTcGGACTTTATCCCGTCXXXXXX,13,20,1.4014869928359985
CTCCAGGACCTTGTCCACGTTCACAGGTATGATGTCCACCACCTGAG,XXXXXXXXCCTTGTCCACGTTCACAcGTAXXXXXXXXXXXXXXXXXX,13,8,13.890304565429688
CTCCAGGACCTTGTCCACGTTCACAGGTATGATGTCCACCACCTGAG,XXXXXXXXCCTTGTCCACGTTCACAcGTATGATXXXXXXXXXXXXXX,13,12,14.42733383178711
CTCCAGGACCTTGTCCACGTTCACAGGTATGATGTCCACCACCTGAG,XXXXXXXXCCTTGTCCACGTTCACAcGTATGATGTCXXXXXXXXXXX,13,15,12.850353240966797
CTCCAGGACCTTGTCCACGTTCACAGGTATGATGTCCACCACCTGAG,XXXXXXXXCCTTGTCCACGTTCACAcGTATGATGTCCACCAXXXXXX,13,20,9.541149139404297
CTTCTTCACCCTCAGGGCCTCGTTGGGGCTGCGTGTCTCTGCGTCCA,XXXXXXXXCCCTCAGGGCCTCGTTGcGGCXXXXXXXXXXXXXXXXXX,13,8,4.765462875366211
CTTCTTCACCCTCAGGGCCTCGTTGGGGCTGCGTGTCTCTGCGTCCA,XXXXXXXXCCCTCAGGGCCTCGTTGcGGCTGCGXXXXXXXXXXXXXX,13,12,5.344468116760254
CTTCTTCACCCTCAGGGCCTCGTTGGGGCTGCGTGTCTCTGCGTCCA,XXXXXXXXCCCTCAGGGCCTCGTTGcGGCTGCGTGTXXXXXXXXXXX,13,15,5.10452938079834
CTTCTTCACCCTCAGGGCCTCGTTGGGGCTGCGTGTCTCTGCGTCCA,XXXXXXXXCCCTCAGGGCCTCGTTGcGGCTGCGTGTCTCTGXXXXXX,13,20,2.5593879222869873
ACGAGATCAAGGAAGGCATCCAGTAGGTGTTCCAGACCAGGAACCCA,XXXXXXXXAAGGAAGGCATCCAGTAcGTGXXXXXXXXXXXXXXXXXX,13,8,19.605754852294922
ACGAGATCAAGGAAGGCATCCAGTAGGTGTTCCAGACCAGGAACCCA,XXXXXXXXAAGGAAGGCATCCAGTAcGTGTTCCXXXXXXXXXXXXXX,13,12,21.00921058654785
ACGAGATCAAGGAAGGCATCCAGTAGGTGTTCCAGACCAGGAACCCA,XXXXXXXXAAGGAAGGCATCCAGTAcGTGTTCCAGAXXXXXXXXXXX,13,15,16.88999366760254
ACGAGATCAAGGAAGGCATCCAGTAGGTGTTCCAGACCAGGAACCCA,XXXXXXXXAAGGAAGGCATCCAGTAcGTGTTCCAGACCAGGXXXXXX,13,20,10.900796890258789
TTCTAGCTCCAGTTCTCCTGTCTCTGGAACTAAAAAAATATCTGTGC,XXXXXXXXCCAGTTCTCCTGTCTCTcGAAXXXXXXXXXXXXXXXXXX,13,8,14.459177017211914
TTCTAGCTCCAGTTCTCCTGTCTCTGGAACTAAAAAAATATCTGTGC,XXXXXXXXCCAGTTCTCCTGTCTCTcGAACTAAXXXXXXXXXXXXXX,13,12,14.969745635986328
TTCTAGCTCCAGTTCTCCTGTCTCTGGAACTAAAAAAATATCTGTGC,XXXXXXXXCCAGTTCTCCTGTCTCTcGAACTAAAAAXXXXXXXXXXX,13,15,12.495830535888672
TTCTAGCTCCAGTTCTCCTGTCTCTGGAACTAAAAAAATATCTGTGC,XXXXXXXXCCAGTTCTCCTGTCTCTcGAACTAAAAAAATATXXXXXX,13,20,8.645376205444336
TGGCTACATCTCCCGGTGCTTCACGGGGAAATACACGTGAGTCCTGG,XXXXXXXXTCTCCCGGTGCTTCACGcGGAXXXXXXXXXXXXXXXXXX,13,8,7.285256862640381
TGGCTACATCTCCCGGTGCTTCACGGGGAAATACACGTGAGTCCTGG,XXXXXXXXTCTCCCGGTGCTTCACGcGGAAATAXXXXXXXXXXXXXX,13,12,7.1454925537109375
TGGCTACATCTCCCGGTGCTTCACGGGGAAATACACGTGAGTCCTGG,XXXXXXXXTCTCCCGGTGCTTCACGcGGAAATACACXXXXXXXXXXX,13,15,6.836451530456543
TGGCTACATCTCCCGGTGCTTCACGGGGAAATACACGTGAGTCCTGG,XXXXXXXXTCTCCCGGTGCTTCACGcGGAAATACACGTGAGXXXXXX,13,20,3.8485116958618164
GTAACTACTTCCAGGGCCAGATATTGGAAGCTTACAACATGGCAGCT,XXXXXXXXTTCCAGGGCCAGATATTcGAAXXXXXXXXXXXXXXXXXX,13,8,3.6367316246032715
GTAACTACTTCCAGGGCCAGATATTGGAAGCTTACAACATGGCAGCT,XXXXXXXXTTCCAGGGCCAGATATTcGAAGCTTXXXXXXXXXXXXXX,13,12,5.928072452545166
GTAACTACTTCCAGGGCCAGATATTGGAAGCTTACAACATGGCAGCT,XXXXXXXXTTCCAGGGCCAGATATTcGAAGCTTACAXXXXXXXXXXX,13,15,5.291658401489258
GTAACTACTTCCAGGGCCAGATATTGGAAGCTTACAACATGGCAGCT,XXXXXXXXTTCCAGGGCCAGATATTcGAAGCTTACAACATGXXXXXX,13,20,1.6251143217086792
GGATGGAATGGATATCCTGTGCGTCGGAGAGGCAACAAGGTTTGCTG,XXXXXXXXTGGATATCCTGTGCGTCcGAGXXXXXXXXXXXXXXXXXX,13,8,18.679277420043945
GGATGGAATGGATATCCTGTGCGTCGGAGAGGCAACAAGGTTTGCTG,XXXXXXXXTGGATATCCTGTGCGTCcGAGAGGCXXXXXXXXXXXXXX,13,12,20.16148567199707
GGATGGAATGGATATCCTGTGCGTCGGAGAGGCAACAAGGTTTGCTG,XXXXXXXXTGGATATCCTGTGCGTCcGAGAGGCAACXXXXXXXXXXX,13,15,18.351167678833008
GGATGGAATGGATATCCTGTGCGTCGGAGAGGCAACAAGGTTTGCTG,XXXXXXXXTGGATATCCTGTGCGTCcGAGAGGCAACAAGGTXXXXXX,13,20,14.512849807739258
GTGATGAGGGCTCACCGGTTCTCCTGGCCCTCTAGCAGCTTCCTGTA,XXXXXXXXGGCTCACCGGTTCTCCTcGCCXXXXXXXXXXXXXXXXXX,13,8,1.8434770107269287
GTGATGAGGGCTCACCGGTTCTCCTGGCCCTCTAGCAGCTTCCTGTA,XXXXXXXXGGCTCACCGGTTCTCCTcGCCCTCTXXXXXXXXXXXXXX,13,12,3.8175837993621826
GTGATGAGGGCTCACCGGTTCTCCTGGCCCTCTAGCAGCTTCCTGTA,XXXXXXXXGGCTCACCGGTTCTCCTcGCCCTCTAGCXXXXXXXXXXX,13,15,4.2735981941223145
GTGATGAGGGCTCACCGGTTCTCCTGGCCCTCTAGCAGCTTCCTGTA,XXXXXXXXGGCTCACCGGTTCTCCTcGCCCTCTAGCAGCTTXXXXXX,13,20,3.482645273208618
CGCCTGGGGAGAAGGCATCCACTCAGGGATTTCTGTTGTGTTTCCTC,XXXXXXXXGAGAAGGCATCCACTCAcGGAXXXXXXXXXXXXXXXXXX,13,8,7.365050792694092
CGCCTGGGGAGAAGGCATCCACTCAGGGATTTCTGTTGTGTTTCCTC,XXXXXXXXGAGAAGGCATCCACTCAcGGATTTCXXXXXXXXXXXXXX,13,12,9.033802032470703
CGCCTGGGGAGAAGGCATCCACTCAGGGATTTCTGTTGTGTTTCCTC,XXXXXXXXGAGAAGGCATCCACTCAcGGATTTCTGTXXXXXXXXXXX,13,15,8.123544692993164
CGCCTGGGGAGAAGGCATCCACTCAGGGATTTCTGTTGTGTTTCCTC,XXXXXXXXGAGAAGGCATCCACTCAcGGATTTCTGTTGTGTXXXXXX,13,20,5.899295330047607
ACGGGTTACGTGGTCACAAAGAATCGGCACAGAAGAGTCACTCAGGA,XXXXXXXXCGTGGTCACAAAGAATCcGCAXXXXXXXXXXXXXXXXXX,13,8,8.704217910766602
ACGGGTTACGTGGTCACAAAGAATCGGCACAGAAGAGTCACTCAGGA,XXXXXXXXCGTGGTCACAAAGAATCcGCACAGAXXXXXXXXXXXXXX,13,12,10.25665283203125
ACGGGTTACGTGGTCACAAAGAATCGGCACAGAAGAGTCACTCAGGA,XXXXXXXXCGTGGTCACAAAGAATCcGCACAGAAGAXXXXXXXXXXX,13,15,8.635661125183105
ACGGGTTACGTGGTCACAAAGAATCGGCACAGAAGAGTCACTCAGGA,XXXXXXXXCGTGGTCACAAAGAATCcGCACAGAAGAGTCACXXXXXX,13,20,6.8618035316467285
GGACGCCATTGCCTCATACTGCGTGGGGATCTCTTTCAGGGCTGCGG,XXXXXXXXTTGCCTCATACTGCGTGcGGAXXXXXXXXXXXXXXXXXX,13,8,13.968851089477539
GGACGCCATTGCCTCATACTGCGTGGGGATCTCTTTCAGGGCTGCGG,XXXXXXXXTTGCCTCATACTGCGTGcGGATCTCXXXXXXXXXXXXXX,13,12,15.180278778076172
GGACGCCATTGCCTCATACTGCGTGGGGATCTCTTTCAGGGCTGCGG,XXXXXXXXTTGCCTCATACTGCGTGcGGATCTCTTTXXXXXXXXXXX,13,15,12.97325325012207
GGACGCCATTGCCTCATACTGCGTGGGGATCTCTTTCAGGGCTGCGG,XXXXXXXXTTGCCTCATACTGCGTGcGGATCTCTTTCAGGGXXXXXX,13,20,7.9351887702941895
ATGTGGGAGATGGGGAAGTAGTGATGGTAGCACACGTTCTTGCAGCC,XXXXXXXXGATGGGGAAGTAGTGATcGTAXXXXXXXXXXXXXXXXXX,13,8,14.914533615112305
ATGTGGGAGATGGGGAAGTAGTGATGGTAGCACACGTTCTTGCAGCC,XXXXXXXXGATGGGGAAGTAGTGATcGTAGCACXXXXXXXXXXXXXX,13,12,20.314186096191406
ATGTGGGAGATGGGGAAGTAGTGATGGTAGCACACGTTCTTGCAGCC,XXXXXXXXGATGGGGAAGTAGTGATcGTAGCACACGXXXXXXXXXXX,13,15,17.08637046813965
ATGTGGGAGATGGGGAAGTAGTGATGGTAGCACACGTTCTTGCAGCC,XXXXXXXXGATGGGGAAGTAGTGATcGTAGCACACGTTCTTXXXXXX,13,20,13.023502349853516
GCCCACAGGCAGGGCTACCTTGGAGGGGTACCACTCTTCGGCTTCAT,XXXXXXXXGCAGGGCTACCTTGGAGcGGTXXXXXXXXXXXXXXXXXX,13,8,12.523542404174805
GCCCACAGGCAGGGCTACCTTGGAGGGGTACCACTCTTCGGCTTCAT,XXXXXXXXGCAGGGCTACCTTGGAGcGGTACCAXXXXXXXXXXXXXX,13,12,11.720832824707031
GCCCACAGGCAGGGCTACCTTGGAGGGGTACCACTCTTCGGCTTCAT,XXXXXXXXGCAGGGCTACCTTGGAGcGGTACCACTCXXXXXXXXXXX,13,15,10.636157989501953
GCCCACAGGCAGGGCTACCTTGGAGGGGTACCACTCTTCGGCTTCAT,XXXXXXXXGCAGGGCTACCTTGGAGcGGTACCACTCTTCGGXXXXXX,13,20,7.065751552581787
GTTCTCCTTCAGGTCGTCGTTGGCAGGGACTGCATCGTCCAGCTGAA,XXXXXXXXTCAGGTCGTCGTTGGCAcGGAXXXXXXXXXXXXXXXXXX,13,8,5.641111373901367
GTTCTCCTTCAGGTCGTCGTTGGCAGGGACTGCATCGTCCAGCTGAA,XXXXXXXXTCAGGTCGTCGTTGGCAcGGACTGCXXXXXXXXXXXXXX,13,12,6.07504940032959
GTTCTCCTTCAGGTCGTCGTTGGCAGGGACTGCATCGTCCAGCTGAA,XXXXXXXXTCAGGTCGTCGTTGGCAcGGACTGCATCXXXXXXXXXXX,13,15,6.775314807891846
GTTCTCCTTCAGGTCGTCGTTGGCAGGGACTGCATCGTCCAGCTGAA,XXXXXXXXTCAGGTCGTCGTTGGCAcGGACTGCATCGTCCAXXXXXX,13,20,5.984360218048096
ACCAAACACAATCTTGGCTCTCACCGGAACGGTACTCCAAGGGCGCC,XXXXXXXXCAATCTTGGCTCTCACCcGAAXXXXXXXXXXXXXXXXXX,13,8,9.03557014465332
ACCAAACACAATCTTGGCTCTCACCGGAACGGTACTCCAAGGGCGCC,XXXXXXXXCAATCTTGGCTCTCACCcGAACGGTXXXXXXXXXXXXXX,13,12,8.375299453735352
ACCAAACACAATCTTGGCTCTCACCGGAACGGTACTCCAAGGGCGCC,XXXXXXXXCAATCTTGGCTCTCACCcGAACGGTACTXXXXXXXXXXX,13,15,7.781031131744385
ACCAAACACAATCTTGGCTCTCACCGGAACGGTACTCCAAGGGCGCC,XXXXXXXXCAATCTTGGCTCTCACCcGAACGGTACTCCAAGXXXXXX,13,20,5.294196128845215
CACCTTGTCCAGGTAGGAGGCCAGGGGGTCATTGAGGTTCTGCATGG,XXXXXXXXCCAGGTAGGAGGCCAGGcGGTXXXXXXXXXXXXXXXXXX,13,8,17.407367706298828
CACCTTGTCCAGGTAGGAGGCCAGGGGGTCATTGAGGTTCTGCATGG,XXXXXXXXCCAGGTAGGAGGCCAGGcGGTCATTXXXXXXXXXXXXXX,13,12,16.79999542236328
CACCTTGTCCAGGTAGGAGGCCAGGGGGTCATTGAGGTTCTGCATGG,XXXXXXXXCCAGGTAGGAGGCCAGGcGGTCATTGAGXXXXXXXXXXX,13,15,14.68832015991211
CACCTTGTCCAGGTAGGAGGCCAGGGGGTCATTGAGGTTCTGCATGG,XXXXXXXXCCAGGTAGGAGGCCAGGcGGTCATTGAGGTTCTXXXXXX,13,20,11.925956726074219
CTCGTTGATGTCACGGACCCGCAGAGGCTCTCGGGCATTGTTGGCCA,XXXXXXXXTGTCACGGACCCGCAGAcGCTXXXXXXXXXXXXXXXXXX,13,8,23.1413516998291
CTCGTTGATGTCACGGACCCGCAGAGGCTCTCGGGCATTGTTGGCCA,XXXXXXXXTGTCACGGACCCGCAGAcGCTCTCGXXXXXXXXXXXXXX,13,12,23.610645294189453
CTCGTTGATGTCACGGACCCGCAGAGGCTCTCGGGCATTGTTGGCCA,XXXXXXXXTGTCACGGACCCGCAGAcGCTCTCGGGCXXXXXXXXXXX,13,15,20.712392807006836
CTCGTTGATGTCACGGACCCGCAGAGGCTCTCGGGCATTGTTGGCCA,XXXXXXXXTGTCACGGACCCGCAGAcGCTCTCGGGCATTGTXXXXXX,13,20,18.331724166870117
GTACTCCTCGCCCTCCAGCAGCTTGGGGTAGGTGGCGATCTCCACGT,XXXXXXXXCGCCCTCCAGCAGCTTGcGGTXXXXXXXXXXXXXXXXXX,13,8,14.605897903442383
GTACTCCTCGCCCTCCAGCAGCTTGGGGTAGGTGGCGATCTCCACGT,XXXXXXXXCGCCCTCCAGCAGCTTGcGGTAGGTXXXXXXXXXXXXXX,13,12,15.638248443603516
GTACTCCTCGCCCTCCAGCAGCTTGGGGTAGGTGGCGATCTCCACGT,XXXXXXXXCGCCCTCCAGCAGCTTGcGGTAGGTGGCXXXXXXXXXXX,13,15,13.929502487182617
GTACTCCTCGCCCTCCAGCAGCTTGGGGTAGGTGGCGATCTCCACGT,XXXXXXXXCGCCCTCCAGCAGCTTGcGGTAGGTGGCGATCTXXXXXX,13,20,11.834409713745117
GCCATCAGCTGAAAAGTCTACACTTGGAACTGGAGCTGTATGAGCTT,XXXXXXXXCTGAAAAGTCTACACTTcGAAXXXXXXXXXXXXXXXXXX,13,8,7.726285457611084
GCCATCAGCTGAAAAGTCTACACTTGGAACTGGAGCTGTATGAGCTT,XXXXXXXXCTGAAAAGTCTACACTTcGAACTGGXXXXXXXXXXXXXX,13,12,12.588972091674805
GCCATCAGCTGAAAAGTCTACACTTGGAACTGGAGCTGTATGAGCTT,XXXXXXXXCTGAAAAGTCTACACTTcGAACTGGAGCXXXXXXXXXXX,13,15,10.913198471069336
GCCATCAGCTGAAAAGTCTACACTTGGAACTGGAGCTGTATGAGCTT,XXXXXXXXCTGAAAAGTCTACACTTcGAACTGGAGCTGTATXXXXXX,13,20,6.716370105743408
GCTGGAAACGGAGAACGCAGGGCTGGGCCTTCGCATCACCGAGTCTG,XXXXXXXXCGGAGAACGCAGGGCTGcGCCXXXXXXXXXXXXXXXXXX,13,8,16.955242156982422
GCTGGAAACGGAGAACGCAGGGCTGGGCCTTCGCATCACCGAGTCTG,XXXXXXXXCGGAGAACGCAGGGCTGcGCCTTCGXXXXXXXXXXXXXX,13,12,16.29549217224121
GCTGGAAACGGAGAACGCAGGGCTGGGCCTTCGCATCACCGAGTCTG,XXXXXXXXCGGAGAACGCAGGGCTGcGCCTTCGCATXXXXXXXXXXX,13,15,15.04737663269043
GCTGGAAACGGAGAACGCAGGGCTGGGCCTTCGCATCACCGAGTCTG,XXXXXXXXCGGAGAACGCAGGGCTGcGCCTTCGCATCACCGXXXXXX,13,20,11.996517181396484
TTGCAGGGGTGAGCACAGACAGGATGGCAGGGAGAGGCCGTATTAAT,XXXXXXXXGTGAGCACAGACAGGATcGCAXXXXXXXXXXXXXXXXXX,13,8,16.396743774414062
TTGCAGGGGTGAGCACAGACAGGATGGCAGGGAGAGGCCGTATTAAT,XXXXXXXXGTGAGCACAGACAGGATcGCAGGGAXXXXXXXXXXXXXX,13,12,20.51604461669922
TTGCAGGGGTGAGCACAGACAGGATGGCAGGGAGAGGCCGTATTAAT,XXXXXXXXGTGAGCACAGACAGGATcGCAGGGAGAGXXXXXXXXXXX,13,15,17.484827041625977
TTGCAGGGGTGAGCACAGACAGGATGGCAGGGAGAGGCCGTATTAAT,XXXXXXXXGTGAGCACAGACAGGATcGCAGGGAGAGGCCGTXXXXXX,13,20,12.060914993286133
TCCTGTTAACCTTTGATGGCTTTGAGGAGTTCAAGTTCAGGTTCACG,XXXXXXXXACCTTTGATGGCTTTGAcGAGXXXXXXXXXXXXXXXXXX,13,8,4.728286266326904
TCCTGTTAACCTTTGATGGCTTTGAGGAGTTCAAGTTCAGGTTCACG,XXXXXXXXACCTTTGATGGCTTTGAcGAGTTCAXXXXXXXXXXXXXX,13,12,5.742708206176758
TCCTGTTAACCTTTGATGGCTTTGAGGAGTTCAAGTTCAGGTTCACG,XXXXXXXXACCTTTGATGGCTTTGAcGAGTTCAAGTXXXXXXXXXXX,13,15,5.312601089477539
TCCTGTTAACCTTTGATGGCTTTGAGGAGTTCAAGTTCAGGTTCACG,XXXXXXXXACCTTTGATGGCTTTGAcGAGTTCAAGTTCAGGXXXXXX,13,20,2.419227361679077
GAAGCAGGGCAAGTACTTGACGAAGGGCAGCGTCTTCAACAGGCCCG,XXXXXXXXGCAAGTACTTGACGAAGcGCAXXXXXXXXXXXXXXXXXX,13,8,21.534841537475586
GAAGCAGGGCAAGTACTTGACGAAGGGCAGCGTCTTCAACAGGCCCG,XXXXXXXXGCAAGTACTTGACGAAGcGCAGCGTXXXXXXXXXXXXXX,13,12,21.794734954833984
GAAGCAGGGCAAGTACTTGACGAAGGGCAGCGTCTTCAACAGGCCCG,XXXXXXXXGCAAGTACTTGACGAAGcGCAGCGTCTTXXXXXXXXXXX,13,15,18.524648666381836
GAAGCAGGGCAAGTACTTGACGAAGGGCAGCGTCTTCAACAGGCCCG,XXXXXXXXGCAAGTACTTGACGAAGcGCAGCGTCTTCAACAXXXXXX,13,20,13.709650039672852
AGATGCTCCGGTCCACTGAAGAACAGGGTAACCAATGCTGGAAACCA,XXXXXXXXCGGTCCACTGAAGAACAcGGTXXXXXXXXXXXXXXXXXX,13,8,12.1141357421875
AGATGCTCCGGTCCACTGAAGAACAGGGTAACCAATGCTGGAAACCA,XXXXXXXXCGGTCCACTGAAGAACAcGGTAACCXXXXXXXXXXXXXX,13,12,16.42858123779297
AGATGCTCCGGTCCACTGAAGAACAGGGTAACCAATGCTGGAAACCA,XXXXXXXXCGGTCCACTGAAGAACAcGGTAACCAATXXXXXXXXXXX,13,15,13.164382934570312
AGATGCTCCGGTCCACTGAAGAACAGGGTAACCAATGCTGGAAACCA,XXXXXXXXCGGTCCACTGAAGAACAcGGTAACCAATGCTGGXXXXXX,13,20,8.426151275634766
GGTCTCAGCCTGGCGTCGCGCTTGCGGTCCACCACGGAGGGCACACA,XXXXXXXXCCTGGCGTCGCGCTTGCcGTCXXXXXXXXXXXXXXXXXX,13,8,12.666097640991211
GGTCTCAGCCTGGCGTCGCGCTTGCGGTCCACCACGGAGGGCACACA,XXXXXXXXCCTGGCGTCGCGCTTGCcGTCCACCXXXXXXXXXXXXXX,13,12,10.644876480102539
GGTCTCAGCCTGGCGTCGCGCTTGCGGTCCACCACGGAGGGCACACA,XXXXXXXXCCTGGCGTCGCGCTTGCcGTCCACCACGXXXXXXXXXXX,13,15,9.329242706298828
GGTCTCAGCCTGGCGTCGCGCTTGCGGTCCACCACGGAGGGCACACA,XXXXXXXXCCTGGCGTCGCGCTTGCcGTCCACCACGGAGGGXXXXXX,13,20,7.055568695068359
GAACTCCACAGCACGCATCCCACCAGGGACAAGAAAAATGTCTCCTG,XXXXXXXXCAGCACGCATCCCACCAcGGAXXXXXXXXXXXXXXXXXX,13,8,8.612680435180664
GAACTCCACAGCACGCATCCCACCAGGGACAAGAAAAATGTCTCCTG,XXXXXXXXCAGCACGCATCCCACCAcGGACAAGXXXXXXXXXXXXXX,13,12,10.194019317626953
GAACTCCACAGCACGCATCCCACCAGGGACAAGAAAAATGTCTCCTG,XXXXXXXXCAGCACGCATCCCACCAcGGACAAGAAAXXXXXXXXXXX,13,15,7.997844696044922
GAACTCCACAGCACGCATCCCACCAGGGACAAGAAAAATGTCTCCTG,XXXXXXXXCAGCACGCATCCCACCAcGGACAAGAAAAATGTXXXXXX,13,20,4.625130653381348
TGGCCCTCCCGGCCCGCGTCACTGTGGCGCGGCGCCCGCTGCATCTT,XXXXXXXXCCGGCCCGCGTCACTGTcGCGXXXXXXXXXXXXXXXXXX,13,8,14.256223678588867
TGGCCCTCCCGGCCCGCGTCACTGTGGCGCGGCGCCCGCTGCATCTT,XXXXXXXXCCGGCCCGCGTCACTGTcGCGCGGCXXXXXXXXXXXXXX,13,12,12.01251220703125
TGGCCCTCCCGGCCCGCGTCACTGTGGCGCGGCGCCCGCTGCATCTT,XXXXXXXXCCGGCCCGCGTCACTGTcGCGCGGCGCCXXXXXXXXXXX,13,15,10.373260498046875
TGGCCCTCCCGGCCCGCGTCACTGTGGCGCGGCGCCCGCTGCATCTT,XXXXXXXXCCGGCCCGCGTCACTGTcGCGCGGCGCCCGCTGXXXXXX,13,20,7.981889247894287
GCGGTGCCGAAGAGCAGCACATACTGGGACAGCGAGGCGTGCAGAAG,XXXXXXXXGAAGAGCAGCACATACTcGGAXXXXXXXXXXXXXXXXXX,13,8,-2.96016263961792
GCGGTGCCGAAGAGCAGCACATACTGGGACAGCGAGGCGTGCAGAAG,XXXXXXXXGAAGAGCAGCACATACTcGGACAGCXXXXXXXXXXXXXX,13,12,1.0156246423721313
GCGGTGCCGAAGAGCAGCACATACTGGGACAGCGAGGCGTGCAGAAG,XXXXXXXXGAAGAGCAGCACATACTcGGACAGCGAGXXXXXXXXXXX,13,15,-0.08570623397827148
GCGGTGCCGAAGAGCAGCACATACTGGGACAGCGAGGCGTGCAGAAG,XXXXXXXXGAAGAGCAGCACATACTcGGACAGCGAGGCGTGXXXXXX,13,20,-1.9833412170410156
GTACTGGATTGGAAAGATGACAAACGGGCGAGAACTCTTTCTTAGGA,XXXXXXXXTTGGAAAGATGACAAACcGGCXXXXXXXXXXXXXXXXXX,13,8,4.232626914978027
GTACTGGATTGGAAAGATGACAAACGGGCGAGAACTCTTTCTTAGGA,XXXXXXXXTTGGAAAGATGACAAACcGGCGAGAXXXXXXXXXXXXXX,13,12,7.288589954376221
GTACTGGATTGGAAAGATGACAAACGGGCGAGAACTCTTTCTTAGGA,XXXXXXXXTTGGAAAGATGACAAACcGGCGAGAACTXXXXXXXXXXX,13,15,6.468665599822998
GTACTGGATTGGAAAGATGACAAACGGGCGAGAACTCTTTCTTAGGA,XXXXXXXXTTGGAAAGATGACAAACcGGCGAGAACTCTTTCXXXXXX,13,20,5.271703243255615
GAGAGAAGAAGGTATAAAACTGGCTGGGAGAAGAAGTGGAGGAGGAA,XXXXXXXXAAGGTATAAAACTGGCTcGGAXXXXXXXXXXXXXXXXXX,13,8,1.3819339275360107
GAGAGAAGAAGGTATAAAACTGGCTGGGAGAAGAAGTGGAGGAGGAA,XXXXXXXXAAGGTATAAAACTGGCTcGGAGAAGXXXXXXXXXXXXXX,13,12,3.464827537536621
GAGAGAAGAAGGTATAAAACTGGCTGGGAGAAGAAGTGGAGGAGGAA,XXXXXXXXAAGGTATAAAACTGGCTcGGAGAAGAAGXXXXXXXXXXX,13,15,1.1494660377502441
GAGAGAAGAAGGTATAAAACTGGCTGGGAGAAGAAGTGGAGGAGGAA,XXXXXXXXAAGGTATAAAACTGGCTcGGAGAAGAAGTGGAGXXXXXX,13,20,-3.0858631134033203
CAGCAGAAGATCAGGTGGGCGGCCCGGATGCTGTCGGGGTCGGTGGC,XXXXXXXXGATCAGGTGGGCGGCCCcGATXXXXXXXXXXXXXXXXXX,13,8,18.730260848999023
CAGCAGAAGATCAGGTGGGCGGCCCGGATGCTGTCGGGGTCGGTGGC,XXXXXXXXGATCAGGTGGGCGGCCCcGATGCTGXXXXXXXXXXXXXX,13,12,19.334381103515625
CAGCAGAAGATCAGGTGGGCGGCCCGGATGCTGTCGGGGTCGGTGGC,XXXXXXXXGATCAGGTGGGCGGCCCcGATGCTGTCGXXXXXXXXXXX,13,15,17.61546516418457
CAGCAGAAGATCAGGTGGGCGGCCCGGATGCTGTCGGGGTCGGTGGC,XXXXXXXXGATCAGGTGGGCGGCCCcGATGCTGTCGGGGTCXXXXXX,13,20,16.417190551757812
CCATCCCAGCGTTCTTTGCCAAGAGGGCCGCCATCTACAACCCTGTC,XXXXXXXXGCGTTCTTTGCCAAGAGcGCCXXXXXXXXXXXXXXXXXX,13,8,2.4721641540527344
CCATCCCAGCGTTCTTTGCCAAGAGGGCCGCCATCTACAACCCTGTC,XXXXXXXXGCGTTCTTTGCCAAGAGcGCCGCCAXXXXXXXXXXXXXX,13,12,2.7723565101623535
CCATCCCAGCGTTCTTTGCCAAGAGGGCCGCCATCTACAACCCTGTC,XXXXXXXXGCGTTCTTTGCCAAGAGcGCCGCCATCTXXXXXXXXXXX,13,15,3.9685914516448975
CCATCCCAGCGTTCTTTGCCAAGAGGGCCGCCATCTACAACCCTGTC,XXXXXXXXGCGTTCTTTGCCAAGAGcGCCGCCATCTACAACXXXXXX,13,20,2.9790849685668945
ACCTCCCCAGGTGCCTGTGGACATAGGAGATCCAGTTCTCTCAGGAC,XXXXXXXXAGGTGCCTGTGGACATAcGAGXXXXXXXXXXXXXXXXXX,13,8,18.725547790527344
ACCTCCCCAGGTGCCTGTGGACATAGGAGATCCAGTTCTCTCAGGAC,XXXXXXXXAGGTGCCTGTGGACATAcGAGATCCXXXXXXXXXXXXXX,13,12,20.947826385498047
ACCTCCCCAGGTGCCTGTGGACATAGGAGATCCAGTTCTCTCAGGAC,XXXXXXXXAGGTGCCTGTGGACATAcGAGATCCAGTXXXXXXXXXXX,13,15,17.908750534057617
ACCTCCCCAGGTGCCTGTGGACATAGGAGATCCAGTTCTCTCAGGAC,XXXXXXXXAGGTGCCTGTGGACATAcGAGATCCAGTTCTCTXXXXXX,13,20,14.656742095947266
ATGACTGGAGAGACATCGTCAGCTAGGTCATAGACCACTTCGACATT,XXXXXXXXAGAGACATCGTCAGCTAcGTCXXXXXXXXXXXXXXXXXX,13,8,12.269401550292969
ATGACTGGAGAGACATCGTCAGCTAGGTCATAGACCACTTCGACATT,XXXXXXXXAGAGACATCGTCAGCTAcGTCATAGXXXXXXXXXXXXXX,13,12,13.83303451538086
ATGACTGGAGAGACATCGTCAGCTAGGTCATAGACCACTTCGACATT,XXXXXXXXAGAGACATCGTCAGCTAcGTCATAGACCXXXXXXXXXXX,13,15,13.003129959106445
ATGACTGGAGAGACATCGTCAGCTAGGTCATAGACCACTTCGACATT,XXXXXXXXAGAGACATCGTCAGCTAcGTCATAGACCACTTCXXXXXX,13,20,9.104460716247559
CTGATGGCCAGGCGGGCATTCACAGGGGTAACTTCCCTCTGTGTTAT,XXXXXXXXCAGGCGGGCATTCACAGcGGTXXXXXXXXXXXXXXXXXX,13,8,5.431318283081055
CTGATGGCCAGGCGGGCATTCACAGGGGTAACTTCCCTCTGTGTTAT,XXXXXXXXCAGGCGGGCATTCACAGcGGTAACTXXXXXXXXXXXXXX,13,12,5.721895694732666
CTGATGGCCAGGCGGGCATTCACAGGGGTAACTTCCCTCTGTGTTAT,XXXXXXXXCAGGCGGGCATTCACAGcGGTAACTTCCXXXXXXXXXXX,13,15,5.093120574951172
CTGATGGCCAGGCGGGCATTCACAGGGGTAACTTCCCTCTGTGTTAT,XXXXXXXXCAGGCGGGCATTCACAGcGGTAACTTCCCTCTGXXXXXX,13,20,2.1414268016815186
TTTGTAATTTCTTTTGTGGCAAATCGGGGTCCTCTCGGACACAGCTC,XXXXXXXXTTCTTTTGTGGCAAATCcGGGXXXXXXXXXXXXXXXXXX,13,8,-3.440004348754883
TTTGTAATTTCTTTTGTGGCAAATCGGGGTCCTCTCGGACACAGCTC,XXXXXXXXTTCTTTTGTGGCAAATCcGGGTCCTXXXXXXXXXXXXXX,13,12,-1.0506503582000732
TTTGTAATTTCTTTTGTGGCAAATCGGGGTCCTCTCGGACACAGCTC,XXXXXXXXTTCTTTTGTGGCAAATCcGGGTCCTCTCXXXXXXXXXXX,13,15,-0.8818752765655518
TTTGTAATTTCTTTTGTGGCAAATCGGGGTCCTCTCGGACACAGCTC,XXXXXXXXTTCTTTTGTGGCAAATCcGGGTCCTCTCGGACAXXXXXX,13,20,-0.9655988216400146
AAAAATACTCACCCATATTTCTCTGGGAGTGCTATGGCTTCCTCCTC,XXXXXXXXTCACCCATATTTCTCTGcGAGXXXXXXXXXXXXXXXXXX,13,8,6.573059558868408
AAAAATACTCACCCATATTTCTCTGGGAGTGCTATGGCTTCCTCCTC,XXXXXXXXTCACCCATATTTCTCTGcGAGTGCTXXXXXXXXXXXXXX,13,12,9.33908462524414
AAAAATACTCACCCATATTTCTCTGGGAGTGCTATGGCTTCCTCCTC,XXXXXXXXTCACCCATATTTCTCTGcGAGTGCTATGXXXXXXXXXXX,13,15,7.945527076721191
AAAAATACTCACCCATATTTCTCTGGGAGTGCTATGGCTTCCTCCTC,XXXXXXXXTCACCCATATTTCTCTGcGAGTGCTATGGCTTCXXXXXX,13,20,6.506525993347168
TCAAACTGGGACACATAGTCTCTGCGGCTGTCTTTGAGCACATCCAC,XXXXXXXXGGACACATAGTCTCTGCcGCTXXXXXXXXXXXXXXXXXX,13,8,14.124885559082031
TCAAACTGGGACACATAGTCTCTGCGGCTGTCTTTGAGCACATCCAC,XXXXXXXXGGACACATAGTCTCTGCcGCTGTCTXXXXXXXXXXXXXX,13,12,15.927146911621094
TCAAACTGGGACACATAGTCTCTGCGGCTGTCTTTGAGCACATCCAC,XXXXXXXXGGACACATAGTCTCTGCcGCTGTCTTTGXXXXXXXXXXX,13,15,14.496994018554688
TCAAACTGGGACACATAGTCTCTGCGGCTGTCTTTGAGCACATCCAC,XXXXXXXXGGACACATAGTCTCTGCcGCTGTCTTTGAGCACXXXXXX,13,20,11.31817626953125
CATTAAGGTTCCAGTGGAATTTCCTGGATAAGTCTGCCACTTCTTCC,XXXXXXXXTTCCAGTGGAATTTCCTcGATXXXXXXXXXXXXXXXXXX,13,8,1.054464340209961
CATTAAGGTTCCAGTGGAATTTCCTGGATAAGTCTGCCACTTCTTCC,XXXXXXXXTTCCAGTGGAATTTCCTcGATAAGTXXXXXXXXXXXXXX,13,12,2.9858198165893555
CATTAAGGTTCCAGTGGAATTTCCTGGATAAGTCTGCCACTTCTTCC,XXXXXXXXTTCCAGTGGAATTTCCTcGATAAGTCTGXXXXXXXXXXX,13,15,2.725048065185547
CATTAAGGTTCCAGTGGAATTTCCTGGATAAGTCTGCCACTTCTTCC,XXXXXXXXTTCCAGTGGAATTTCCTcGATAAGTCTGCCACTXXXXXX,13,20,2.47660756111145
CTGATCCCCTGAAGCCCAGGGGGTCGGATCGCTCCATGTTCTCCAGG,XXXXXXXXCTGAAGCCCAGGGGGTCcGATXXXXXXXXXXXXXXXXXX,13,8,7.84717321395874
CTGATCCCCTGAAGCCCAGGGGGTCGGATCGCTCCATGTTCTCCAGG,XXXXXXXXCTGAAGCCCAGGGGGTCcGATCGCTXXXXXXXXXXXXXX,13,12,9.546751022338867
CTGATCCCCTGAAGCCCAGGGGGTCGGATCGCTCCATGTTCTCCAGG,XXXXXXXXCTGAAGCCCAGGGGGTCcGATCGCTCCAXXXXXXXXXXX,13,15,9.48681640625
CTGATCCCCTGAAGCCCAGGGGGTCGGATCGCTCCATGTTCTCCAGG,XXXXXXXXCTGAAGCCCAGGGGGTCcGATCGCTCCATGTTCXXXXXX,13,20,9.078962326049805
GGTGGGCTTCTCCAGGGCAGCAAAGGGCTCTGCCCAGCTGGCCGTGG,XXXXXXXXTCTCCAGGGCAGCAAAGcGCTXXXXXXXXXXXXXXXXXX,13,8,24.706809997558594
GGTGGGCTTCTCCAGGGCAGCAAAGGGCTCTGCCCAGCTGGCCGTGG,XXXXXXXXTCTCCAGGGCAGCAAAGcGCTCTGCXXXXXXXXXXXXXX,13,12,24.900436401367188
GGTGGGCTTCTCCAGGGCAGCAAAGGGCTCTGCCCAGCTGGCCGTGG,XXXXXXXXTCTCCAGGGCAGCAAAGcGCTCTGCCCAXXXXXXXXXXX,13,15,21.691822052001953
GGTGGGCTTCTCCAGGGCAGCAAAGGGCTCTGCCCAGCTGGCCGTGG,XXXXXXXXTCTCCAGGGCAGCAAAGcGCTCTGCCCAGCTGGXXXXXX,13,20,16.586475372314453
GGCCGAGGGGGCCCCTGAGCACCACGGATCCAGGCGCTGCACGTGCT,XXXXXXXXGGGCCCCTGAGCACCACcGATXXXXXXXXXXXXXXXXXX,13,8,19.098217010498047
GGCCGAGGGGGCCCCTGAGCACCACGGATCCAGGCGCTGCACGTGCT,XXXXXXXXGGGCCCCTGAGCACCACcGATCCAGXXXXXXXXXXXXXX,13,12,19.168092727661133
GGCCGAGGGGGCCCCTGAGCACCACGGATCCAGGCGCTGCACGTGCT,XXXXXXXXGGGCCCCTGAGCACCACcGATCCAGGCGXXXXXXXXXXX,13,15,15.81047248840332
GGCCGAGGGGGCCCCTGAGCACCACGGATCCAGGCGCTGCACGTGCT,XXXXXXXXGGGCCCCTGAGCACCACcGATCCAGGCGCTGCAXXXXXX,13,20,13.03013801574707
GCCGAGAGCCCAGATACCATTTTGGGGTGAGAGCTGGTGGTTGGCAA,XXXXXXXXCCCAGATACCATTTTGGcGTGXXXXXXXXXXXXXXXXXX,13,8,13.932538986206055
GCCGAGAGCCCAGATACCATTTTGGGGTGAGAGCTGGTGGTTGGCAA,XXXXXXXXCCCAGATACCATTTTGGcGTGAGAGXXXXXXXXXXXXXX,13,12,15.690704345703125
GCCGAGAGCCCAGATACCATTTTGGGGTGAGAGCTGGTGGTTGGCAA,XXXXXXXXCCCAGATACCATTTTGGcGTGAGAGCTGXXXXXXXXXXX,13,15,11.074151992797852
GCCGAGAGCCCAGATACCATTTTGGGGTGAGAGCTGGTGGTTGGCAA,XXXXXXXXCCCAGATACCATTTTGGcGTGAGAGCTGGTGGTXXXXXX,13,20,7.1194305419921875
GGGCCGGCAGCAGTGACAGGAGGAAGGGAAGGGTTGCTTGAGGACAG,XXXXXXXXAGCAGTGACAGGAGGAAcGGAXXXXXXXXXXXXXXXXXX,13,8,15.119684219360352
GGGCCGGCAGCAGTGACAGGAGGAAGGGAAGGGTTGCTTGAGGACAG,XXXXXXXXAGCAGTGACAGGAGGAAcGGAAGGGXXXXXXXXXXXXXX,13,12,18.477279663085938
GGGCCGGCAGCAGTGACAGGAGGAAGGGAAGGGTTGCTTGAGGACAG,XXXXXXXXAGCAGTGACAGGAGGAAcGGAAGGGTTGXXXXXXXXXXX,13,15,14.615163803100586
GGGCCGGCAGCAGTGACAGGAGGAAGGGAAGGGTTGCTTGAGGACAG,XXXXXXXXAGCAGTGACAGGAGGAAcGGAAGGGTTGCTTGAXXXXXX,13,20,10.13551139831543
TCCTTAAACACGAACCACAGGTTGCGGACCCAGAGCACCAGGTTCAG,XXXXXXXXCACGAACCACAGGTTGCcGACXXXXXXXXXXXXXXXXXX,13,8,9.90603256225586
TCCTTAAACACGAACCACAGGTTGCGGACCCAGAGCACCAGGTTCAG,XXXXXXXXCACGAACCACAGGTTGCcGACCCAGXXXXXXXXXXXXXX,13,12,10.338665008544922
TCCTTAAACACGAACCACAGGTTGCGGACCCAGAGCACCAGGTTCAG,XXXXXXXXCACGAACCACAGGTTGCcGACCCAGAGCXXXXXXXXXXX,13,15,9.247823715209961
TCCTTAAACACGAACCACAGGTTGCGGACCCAGAGCACCAGGTTCAG,XXXXXXXXCACGAACCACAGGTTGCcGACCCAGAGCACCAGXXXXXX,13,20,6.089113235473633
CATCACCTGTCCAATCAGTTCTTTCGGTAATTCAAAGTCTTCTTCAT,XXXXXXXXGTCCAATCAGTTCTTTCcGTAXXXXXXXXXXXXXXXXXX,13,8,-4.1275634765625
CATCACCTGTCCAATCAGTTCTTTCGGTAATTCAAAGTCTTCTTCAT,XXXXXXXXGTCCAATCAGTTCTTTCcGTAATTCXXXXXXXXXXXXXX,13,12,-2.241436243057251
CATCACCTGTCCAATCAGTTCTTTCGGTAATTCAAAGTCTTCTTCAT,XXXXXXXXGTCCAATCAGTTCTTTCcGTAATTCAAAXXXXXXXXXXX,13,15,-3.0829405784606934
CATCACCTGTCCAATCAGTTCTTTCGGTAATTCAAAGTCTTCTTCAT,XXXXXXXXGTCCAATCAGTTCTTTCcGTAATTCAAAGTCTTXXXXXX,13,20,-3.2489752769470215
AAGCAAAGAAAATATTTGACTCTTAGGATTTCTAACTGTTGGCCATA,XXXXXXXXAAAATATTTGACTCTTAcGATXXXXXXXXXXXXXXXXXX,13,8,-2.182230234146118
AAGCAAAGAAAATATTTGACTCTTAGGATTTCTAACTGTTGGCCATA,XXXXXXXXAAAATATTTGACTCTTAcGATTTCTXXXXXXXXXXXXXX,13,12,1.104059100151062
AAGCAAAGAAAATATTTGACTCTTAGGATTTCTAACTGTTGGCCATA,XXXXXXXXAAAATATTTGACTCTTAcGATTTCTAACXXXXXXXXXXX,13,15,1.2735466957092285
AAGCAAAGAAAATATTTGACTCTTAGGATTTCTAACTGTTGGCCATA,XXXXXXXXAAAATATTTGACTCTTAcGATTTCTAACTGTTGXXXXXX,13,20,-0.47203636169433594
CCTAAGCCAGCAAAGGCGGACATGTGGATGCCAGGGCCAGGGGGACC,XXXXXXXXAGCAAAGGCGGACATGTcGATXXXXXXXXXXXXXXXXXX,13,8,20.840579986572266
CCTAAGCCAGCAAAGGCGGACATGTGGATGCCAGGGCCAGGGGGACC,XXXXXXXXAGCAAAGGCGGACATGTcGATGCCAXXXXXXXXXXXXXX,13,12,23.148590087890625
CCTAAGCCAGCAAAGGCGGACATGTGGATGCCAGGGCCAGGGGGACC,XXXXXXXXAGCAAAGGCGGACATGTcGATGCCAGGGXXXXXXXXXXX,13,15,19.881959915161133
CCTAAGCCAGCAAAGGCGGACATGTGGATGCCAGGGCCAGGGGGACC,XXXXXXXXAGCAAAGGCGGACATGTcGATGCCAGGGCCAGGXXXXXX,13,20,14.760393142700195
TTTTTCAGCTTGGCTTCTAAAATTTGGGCATTCTTGTTTTAATCTCT,XXXXXXXXCTTGGCTTCTAAAATTTcGGCXXXXXXXXXXXXXXXXXX,13,8,-5.610972881317139
TTTTTCAGCTTGGCTTCTAAAATTTGGGCATTCTTGTTTTAATCTCT,XXXXXXXXCTTGGCTTCTAAAATTTcGGCATTCXXXXXXXXXXXXXX,13,12,-1.5012905597686768
TTTTTCAGCTTGGCTTCTAAAATTTGGGCATTCTTGTTTTAATCTCT,XXXXXXXXCTTGGCTTCTAAAATTTcGGCATTCTTGXXXXXXXXXXX,13,15,-1.3752284049987793
TTTTTCAGCTTGGCTTCTAAAATTTGGGCATTCTTGTTTTAATCTCT,XXXXXXXXCTTGGCTTCTAAAATTTcGGCATTCTTGTTTTAXXXXXX,13,20,-2.714958667755127
GGCGGCGGCCCTCCTGTGGCAGCCGGGTACTTGGCCTTGAGGCGGTA,XXXXXXXXCCCTCCTGTGGCAGCCGcGTAXXXXXXXXXXXXXXXXXX,13,8,9.138195037841797
GGCGGCGGCCCTCCTGTGGCAGCCGGGTACTTGGCCTTGAGGCGGTA,XXXXXXXXCCCTCCTGTGGCAGCCGcGTACTTGXXXXXXXXXXXXXX,13,12,8.474037170410156
GGCGGCGGCCCTCCTGTGGCAGCCGGGTACTTGGCCTTGAGGCGGTA,XXXXXXXXCCCTCCTGTGGCAGCCGcGTACTTGGCCXXXXXXXXXXX,13,15,7.954160213470459
GGCGGCGGCCCTCCTGTGGCAGCCGGGTACTTGGCCTTGAGGCGGTA,XXXXXXXXCCCTCCTGTGGCAGCCGcGTACTTGGCCTTGAGXXXXXX,13,20,4.590099811553955
CACAGTTCGAGCCAGGGCAGTCGTAGGCGGGTGTGGTGCAGTACAGC,XXXXXXXXGAGCCAGGGCAGTCGTAcGCGXXXXXXXXXXXXXXXXXX,13,8,23.990388870239258
CACAGTTCGAGCCAGGGCAGTCGTAGGCGGGTGTGGTGCAGTACAGC,XXXXXXXXGAGCCAGGGCAGTCGTAcGCGGGTGXXXXXXXXXXXXXX,13,12,24.09727668762207
CACAGTTCGAGCCAGGGCAGTCGTAGGCGGGTGTGGTGCAGTACAGC,XXXXXXXXGAGCCAGGGCAGTCGTAcGCGGGTGTGGXXXXXXXXXXX,13,15,20.615758895874023
CACAGTTCGAGCCAGGGCAGTCGTAGGCGGGTGTGGTGCAGTACAGC,XXXXXXXXGAGCCAGGGCAGTCGTAcGCGGGTGTGGTGCAGXXXXXX,13,20,15.417543411254883
ACTCCTGTGGAGGTTTTTATATCTGGGTGATTTTCGAGGTGATTTCC,XXXXXXXXGGAGGTTTTTATATCTGcGTGXXXXXXXXXXXXXXXXXX,13,8,-1.4792184829711914
ACTCCTGTGGAGGTTTTTATATCTGGGTGATTTTCGAGGTGATTTCC,XXXXXXXXGGAGGTTTTTATATCTGcGTGATTTXXXXXXXXXXXXXX,13,12,-1.1209650039672852
ACTCCTGTGGAGGTTTTTATATCTGGGTGATTTTCGAGGTGATTTCC,XXXXXXXXGGAGGTTTTTATATCTGcGTGATTTTCGXXXXXXXXXXX,13,15,-1.5405480861663818
ACTCCTGTGGAGGTTTTTATATCTGGGTGATTTTCGAGGTGATTTCC,XXXXXXXXGGAGGTTTTTATATCTGcGTGATTTTCGAGGTGXXXXXX,13,20,-3.3097214698791504
TCCTGCAACAAGAGACATCAGCTGCGGAGACAAAGGGCGTCCCAGGA,XXXXXXXXCAAGAGACATCAGCTGCcGAGXXXXXXXXXXXXXXXXXX,13,8,20.313297271728516
TCCTGCAACAAGAGACATCAGCTGCGGAGACAAAGGGCGTCCCAGGA,XXXXXXXXCAAGAGACATCAGCTGCcGAGACAAXXXXXXXXXXXXXX,13,12,22.19326400756836
TCCTGCAACAAGAGACATCAGCTGCGGAGACAAAGGGCGTCCCAGGA,XXXXXXXXCAAGAGACATCAGCTGCcGAGACAAAGGXXXXXXXXXXX,13,15,19.26670265197754
TCCTGCAACAAGAGACATCAGCTGCGGAGACAAAGGGCGTCCCAGGA,XXXXXXXXCAAGAGACATCAGCTGCcGAGACAAAGGGCGTCXXXXXX,13,20,14.750595092773438
CTGGGGAGAAGATCACGAAGGTGTAGGAGCTGGGGAATGAGCCAGAG,XXXXXXXXAAGATCACGAAGGTGTAcGAGXXXXXXXXXXXXXXXXXX,13,8,23.068693161010742
CTGGGGAGAAGATCACGAAGGTGTAGGAGCTGGGGAATGAGCCAGAG,XXXXXXXXAAGATCACGAAGGTGTAcGAGCTGGXXXXXXXXXXXXXX,13,12,25.140764236450195
CTGGGGAGAAGATCACGAAGGTGTAGGAGCTGGGGAATGAGCCAGAG,XXXXXXXXAAGATCACGAAGGTGTAcGAGCTGGGGAXXXXXXXXXXX,13,15,20.868314743041992
CTGGGGAGAAGATCACGAAGGTGTAGGAGCTGGGGAATGAGCCAGAG,XXXXXXXXAAGATCACGAAGGTGTAcGAGCTGGGGAATGAGXXXXXX,13,20,14.58477783203125
GCCACTCATGTCGGTCCCTGAGATCGGGGCTGTTGTTGATGCATGGG,XXXXXXXXTGTCGGTCCCTGAGATCcGGGXXXXXXXXXXXXXXXXXX,13,8,10.301643371582031
GCCACTCATGTCGGTCCCTGAGATCGGGGCTGTTGTTGATGCATGGG,XXXXXXXXTGTCGGTCCCTGAGATCcGGGCTGTXXXXXXXXXXXXXX,13,12,9.825273513793945
GCCACTCATGTCGGTCCCTGAGATCGGGGCTGTTGTTGATGCATGGG,XXXXXXXXTGTCGGTCCCTGAGATCcGGGCTGTTGTXXXXXXXXXXX,13,15,9.518424987792969
GCCACTCATGTCGGTCCCTGAGATCGGGGCTGTTGTTGATGCATGGG,XXXXXXXXTGTCGGTCCCTGAGATCcGGGCTGTTGTTGATGXXXXXX,13,20,5.8864970207214355
GTTGAGACACTCGGGTGGTGAGAGCGGCCGCTGCACTTCCGCCACCG,XXXXXXXXACTCGGGTGGTGAGAGCcGCCXXXXXXXXXXXXXXXXXX,13,8,14.873605728149414
GTTGAGACACTCGGGTGGTGAGAGCGGCCGCTGCACTTCCGCCACCG,XXXXXXXXACTCGGGTGGTGAGAGCcGCCGCTGXXXXXXXXXXXXXX,13,12,14.83354377746582
GTTGAGACACTCGGGTGGTGAGAGCGGCCGCTGCACTTCCGCCACCG,XXXXXXXXACTCGGGTGGTGAGAGCcGCCGCTGCACXXXXXXXXXXX,13,15,13.556446075439453
GTTGAGACACTCGGGTGGTGAGAGCGGCCGCTGCACTTCCGCCACCG,XXXXXXXXACTCGGGTGGTGAGAGCcGCCGCTGCACTTCCGXXXXXX,13,20,10.727657318115234
ATGCGGAGGTCACCCCGAGTCACAGGGGCGCTGGCAGCCTGGGCCAT,XXXXXXXXGTCACCCCGAGTCACAGcGGCXXXXXXXXXXXXXXXXXX,13,8,7.2409772872924805
ATGCGGAGGTCACCCCGAGTCACAGGGGCGCTGGCAGCCTGGGCCAT,XXXXXXXXGTCACCCCGAGTCACAGcGGCGCTGXXXXXXXXXXXXXX,13,12,7.358582496643066
ATGCGGAGGTCACCCCGAGTCACAGGGGCGCTGGCAGCCTGGGCCAT,XXXXXXXXGTCACCCCGAGTCACAGcGGCGCTGGCAXXXXXXXXXXX,13,15,6.978353023529053
ATGCGGAGGTCACCCCGAGTCACAGGGGCGCTGGCAGCCTGGGCCAT,XXXXXXXXGTCACCCCGAGTCACAGcGGCGCTGGCAGCCTGXXXXXX,13,20,4.510400772094727
AGCACGCTGGACTCGTTCATGCAGCGGTTCCAGAGCACACTGTGGCT,XXXXXXXXGGACTCGTTCATGCAGCcGTTXXXXXXXXXXXXXXXXXX,13,8,16.714336395263672
AGCACGCTGGACTCGTTCATGCAGCGGTTCCAGAGCACACTGTGGCT,XXXXXXXXGGACTCGTTCATGCAGCcGTTCCAGXXXXXXXXXXXXXX,13,12,15.628072738647461
AGCACGCTGGACTCGTTCATGCAGCGGTTCCAGAGCACACTGTGGCT,XXXXXXXXGGACTCGTTCATGCAGCcGTTCCAGAGCXXXXXXXXXXX,13,15,13.173250198364258
AGCACGCTGGACTCGTTCATGCAGCGGTTCCAGAGCACACTGTGGCT,XXXXXXXXGGACTCGTTCATGCAGCcGTTCCAGAGCACACTXXXXXX,13,20,10.761148452758789
TGCGGCCACAGGGCTTTCAGCGGCTGGGCGGTGCACGGGATCTTCAA,XXXXXXXXCAGGGCTTTCAGCGGCTcGGCXXXXXXXXXXXXXXXXXX,13,8,7.168360710144043
TGCGGCCACAGGGCTTTCAGCGGCTGGGCGGTGCACGGGATCTTCAA,XXXXXXXXCAGGGCTTTCAGCGGCTcGGCGGTGXXXXXXXXXXXXXX,13,12,8.705080032348633
TGCGGCCACAGGGCTTTCAGCGGCTGGGCGGTGCACGGGATCTTCAA,XXXXXXXXCAGGGCTTTCAGCGGCTcGGCGGTGCACXXXXXXXXXXX,13,15,8.278631210327148
TGCGGCCACAGGGCTTTCAGCGGCTGGGCGGTGCACGGGATCTTCAA,XXXXXXXXCAGGGCTTTCAGCGGCTcGGCGGTGCACGGGATXXXXXX,13,20,8.083456039428711
CTGGGCCATGCGGATGTCAGTGCCTGGGCTGGTGGCATAGTACAACC,XXXXXXXXTGCGGATGTCAGTGCCTcGGCXXXXXXXXXXXXXXXXXX,13,8,11.462747573852539
CTGGGCCATGCGGATGTCAGTGCCTGGGCTGGTGGCATAGTACAACC,XXXXXXXXTGCGGATGTCAGTGCCTcGGCTGGTXXXXXXXXXXXXXX,13,12,12.797126770019531
CTGGGCCATGCGGATGTCAGTGCCTGGGCTGGTGGCATAGTACAACC,XXXXXXXXTGCGGATGTCAGTGCCTcGGCTGGTGGCXXXXXXXXXXX,13,15,11.425037384033203
CTGGGCCATGCGGATGTCAGTGCCTGGGCTGGTGGCATAGTACAACC,XXXXXXXXTGCGGATGTCAGTGCCTcGGCTGGTGGCATAGTXXXXXX,13,20,9.911188125610352
CAGGTTGATGTTGTCAGACAGAGATGGCGTCAGGTCAGCCAGCAAGG,XXXXXXXXTGTTGTCAGACAGAGATcGCGXXXXXXXXXXXXXXXXXX,13,8,14.206506729125977
CAGGTTGATGTTGTCAGACAGAGATGGCGTCAGGTCAGCCAGCAAGG,XXXXXXXXTGTTGTCAGACAGAGATcGCGTCAGXXXXXXXXXXXXXX,13,12,17.127071380615234
CAGGTTGATGTTGTCAGACAGAGATGGCGTCAGGTCAGCCAGCAAGG,XXXXXXXXTGTTGTCAGACAGAGATcGCGTCAGGTCXXXXXXXXXXX,13,15,15.06155776977539
CAGGTTGATGTTGTCAGACAGAGATGGCGTCAGGTCAGCCAGCAAGG,XXXXXXXXTGTTGTCAGACAGAGATcGCGTCAGGTCAGCCAXXXXXX,13,20,11.427070617675781
TGTGTTCTGCTTTTGCTACTACTCAGGTTTCCATGTTGTCCCCCTCT,XXXXXXXXGCTTTTGCTACTACTCAcGTTXXXXXXXXXXXXXXXXXX,13,8,5.100884437561035
TGTGTTCTGCTTTTGCTACTACTCAGGTTTCCATGTTGTCCCCCTCT,XXXXXXXXGCTTTTGCTACTACTCAcGTTTCCAXXXXXXXXXXXXXX,13,12,7.865016937255859
TGTGTTCTGCTTTTGCTACTACTCAGGTTTCCATGTTGTCCCCCTCT,XXXXXXXXGCTTTTGCTACTACTCAcGTTTCCATGTXXXXXXXXXXX,13,15,7.198467254638672
TGTGTTCTGCTTTTGCTACTACTCAGGTTTCCATGTTGTCCCCCTCT,XXXXXXXXGCTTTTGCTACTACTCAcGTTTCCATGTTGTCCXXXXXX,13,20,6.061309337615967
CGGTAGGGTGGGGAGGGGGTACTCAGGCGGAGCGGCGGTTGAGGCGG,XXXXXXXXTGGGGAGGGGGTACTCAcGCGXXXXXXXXXXXXXXXXXX,13,8,6.1980791091918945
CGGTAGGGTGGGGAGGGGGTACTCAGGCGGAGCGGCGGTTGAGGCGG,XXXXXXXXTGGGGAGGGGGTACTCAcGCGGAGCXXXXXXXXXXXXXX,13,12,6.217592716217041
CGGTAGGGTGGGGAGGGGGTACTCAGGCGGAGCGGCGGTTGAGGCGG,XXXXXXXXTGGGGAGGGGGTACTCAcGCGGAGCGGCXXXXXXXXXXX,13,15,5.0498151779174805
CGGTAGGGTGGGGAGGGGGTACTCAGGCGGAGCGGCGGTTGAGGCGG,XXXXXXXXTGGGGAGGGGGTACTCAcGCGGAGCGGCGGTTGXXXXXX,13,20,2.290915012359619
GCGAGGCGGGAGCTGTAGCCCCCTAGGGCTACACTCGGCCCCCTCAG,XXXXXXXXGGAGCTGTAGCCCCCTAcGGCXXXXXXXXXXXXXXXXXX,13,8,6.151925086975098
GCGAGGCGGGAGCTGTAGCCCCCTAGGGCTACACTCGGCCCCCTCAG,XXXXXXXXGGAGCTGTAGCCCCCTAcGGCTACAXXXXXXXXXXXXXX,13,12,7.657541275024414
GCGAGGCGGGAGCTGTAGCCCCCTAGGGCTACACTCGGCCCCCTCAG,XXXXXXXXGGAGCTGTAGCCCCCTAcGGCTACACTCXXXXXXXXXXX,13,15,7.767086982727051
GCGAGGCGGGAGCTGTAGCCCCCTAGGGCTACACTCGGCCCCCTCAG,XXXXXXXXGGAGCTGTAGCCCCCTAcGGCTACACTCGGCCCXXXXXX,13,20,7.955112934112549
TTGGCATACAGGTCCTTCCTGATGTGGATGTCACACTTCATGATGCT,XXXXXXXXCAGGTCCTTCCTGATGTcGATXXXXXXXXXXXXXXXXXX,13,8,11.181045532226562
TTGGCATACAGGTCCTTCCTGATGTGGATGTCACACTTCATGATGCT,XXXXXXXXCAGGTCCTTCCTGATGTcGATGTCAXXXXXXXXXXXXXX,13,12,14.146800994873047
TTGGCATACAGGTCCTTCCTGATGTGGATGTCACACTTCATGATGCT,XXXXXXXXCAGGTCCTTCCTGATGTcGATGTCACACXXXXXXXXXXX,13,15,13.068183898925781
TTGGCATACAGGTCCTTCCTGATGTGGATGTCACACTTCATGATGCT,XXXXXXXXCAGGTCCTTCCTGATGTcGATGTCACACTTCATXXXXXX,13,20,9.326295852661133
TAGCCGATCCATTCAATGATCTCACGGAGGAAATTGGCTCCAGAAAC,XXXXXXXXCCATTCAATGATCTCACcGAGXXXXXXXXXXXXXXXXXX,13,8,4.271816253662109
TAGCCGATCCATTCAATGATCTCACGGAGGAAATTGGCTCCAGAAAC,XXXXXXXXCCATTCAATGATCTCACcGAGGAAAXXXXXXXXXXXXXX,13,12,6.128772258758545
TAGCCGATCCATTCAATGATCTCACGGAGGAAATTGGCTCCAGAAAC,XXXXXXXXCCATTCAATGATCTCACcGAGGAAATTGXXXXXXXXXXX,13,15,5.302214622497559
TAGCCGATCCATTCAATGATCTCACGGAGGAAATTGGCTCCAGAAAC,XXXXXXXXCCATTCAATGATCTCACcGAGGAAATTGGCTCCXXXXXX,13,20,3.8355612754821777
CTCTATCCACTCCCCACACAGCACGGGGAACACAATCAGGAAGGAGT,XXXXXXXXACTCCCCACACAGCACGcGGAXXXXXXXXXXXXXXXXXX,13,8,19.873863220214844
CTCTATCCACTCCCCACACAGCACGGGGAACACAATCAGGAAGGAGT,XXXXXXXXACTCCCCACACAGCACGcGGAACACXXXXXXXXXXXXXX,13,12,20.96044921875
CTCTATCCACTCCCCACACAGCACGGGGAACACAATCAGGAAGGAGT,XXXXXXXXACTCCCCACACAGCACGcGGAACACAATXXXXXXXXXXX,13,15,18.916488647460938
CTCTATCCACTCCCCACACAGCACGGGGAACACAATCAGGAAGGAGT,XXXXXXXXACTCCCCACACAGCACGcGGAACACAATCAGGAXXXXXX,13,20,15.29310417175293
GCTACCTGAGCTGACCCCTGCTGAGGGTGATGGTCAGTCTCCCAAGT,XXXXXXXXAGCTGACCCCTGCTGAGcGTGXXXXXXXXXXXXXXXXXX,13,8,24.653099060058594
GCTACCTGAGCTGACCCCTGCTGAGGGTGATGGTCAGTCTCCCAAGT,XXXXXXXXAGCTGACCCCTGCTGAGcGTGATGGXXXXXXXXXXXXXX,13,12,23.7836856842041
GCTACCTGAGCTGACCCCTGCTGAGGGTGATGGTCAGTCTCCCAAGT,XXXXXXXXAGCTGACCCCTGCTGAGcGTGATGGTCAXXXXXXXXXXX,13,15,20.85624885559082
GCTACCTGAGCTGACCCCTGCTGAGGGTGATGGTCAGTCTCCCAAGT,XXXXXXXXAGCTGACCCCTGCTGAGcGTGATGGTCAGTCTCXXXXXX,13,20,17.847166061401367
CACCTCTTCATGTTTGCAGGAATATGGCCAAGTGACATCAACTACCT,XXXXXXXXCATGTTTGCAGGAATATcGCCXXXXXXXXXXXXXXXXXX,13,8,-1.7958266735076904
CACCTCTTCATGTTTGCAGGAATATGGCCAAGTGACATCAACTACCT,XXXXXXXXCATGTTTGCAGGAATATcGCCAAGTXXXXXXXXXXXXXX,13,12,0.9426325559616089
CACCTCTTCATGTTTGCAGGAATATGGCCAAGTGACATCAACTACCT,XXXXXXXXCATGTTTGCAGGAATATcGCCAAGTGACXXXXXXXXXXX,13,15,1.2706388235092163
CACCTCTTCATGTTTGCAGGAATATGGCCAAGTGACATCAACTACCT,XXXXXXXXCATGTTTGCAGGAATATcGCCAAGTGACATCAAXXXXXX,13,20,-0.004869937896728516
ATTTTTTCACACCCAGTCAAGTGTAGGCCACTTTGCCCTAAATGTCA,XXXXXXXXACACCCAGTCAAGTGTAcGCCXXXXXXXXXXXXXXXXXX,13,8,10.757728576660156
ATTTTTTCACACCCAGTCAAGTGTAGGCCACTTTGCCCTAAATGTCA,XXXXXXXXACACCCAGTCAAGTGTAcGCCACTTXXXXXXXXXXXXXX,13,12,12.784646987915039
ATTTTTTCACACCCAGTCAAGTGTAGGCCACTTTGCCCTAAATGTCA,XXXXXXXXACACCCAGTCAAGTGTAcGCCACTTTGCXXXXXXXXXXX,13,15,11.908395767211914
ATTTTTTCACACCCAGTCAAGTGTAGGCCACTTTGCCCTAAATGTCA,XXXXXXXXACACCCAGTCAAGTGTAcGCCACTTTGCCCTAAXXXXXX,13,20,9.295160293579102
TTTAGGCAATCAGTATGATTATTCAGGTCTTCGATGTCAAACCTGTC,XXXXXXXXATCAGTATGATTATTCAcGTCXXXXXXXXXXXXXXXXXX,13,8,-0.38044261932373047
TTTAGGCAATCAGTATGATTATTCAGGTCTTCGATGTCAAACCTGTC,XXXXXXXXATCAGTATGATTATTCAcGTCTTCGXXXXXXXXXXXXXX,13,12,2.1033716201782227
TTTAGGCAATCAGTATGATTATTCAGGTCTTCGATGTCAAACCTGTC,XXXXXXXXATCAGTATGATTATTCAcGTCTTCGATGXXXXXXXXXXX,13,15,2.1275546550750732
TTTAGGCAATCAGTATGATTATTCAGGTCTTCGATGTCAAACCTGTC,XXXXXXXXATCAGTATGATTATTCAcGTCTTCGATGTCAAAXXXXXX,13,20,0.5780152082443237
CGGCTCTCGCGCATGCGGTTGATGAGGCCCGCCAGCCCCGCCGAGCA,XXXXXXXXGCGCATGCGGTTGATGAcGCCXXXXXXXXXXXXXXXXXX,13,8,6.933699607849121
CGGCTCTCGCGCATGCGGTTGATGAGGCCCGCCAGCCCCGCCGAGCA,XXXXXXXXGCGCATGCGGTTGATGAcGCCCGCCXXXXXXXXXXXXXX,13,12,7.618473052978516
CGGCTCTCGCGCATGCGGTTGATGAGGCCCGCCAGCCCCGCCGAGCA,XXXXXXXXGCGCATGCGGTTGATGAcGCCCGCCAGCXXXXXXXXXXX,13,15,7.104672431945801
CGGCTCTCGCGCATGCGGTTGATGAGGCCCGCCAGCCCCGCCGAGCA,XXXXXXXXGCGCATGCGGTTGATGAcGCCCGCCAGCCCCGCXXXXXX,13,20,5.679699897766113
TGGGTAGGAGGCCCGGTGGGACCCGGGAGCTTTCTCTCCCAGCCCGA,XXXXXXXXAGGCCCGGTGGGACCCGcGAGXXXXXXXXXXXXXXXXXX,13,8,20.836950302124023
TGGGTAGGAGGCCCGGTGGGACCCGGGAGCTTTCTCTCCCAGCCCGA,XXXXXXXXAGGCCCGGTGGGACCCGcGAGCTTTXXXXXXXXXXXXXX,13,12,19.99648094177246
TGGGTAGGAGGCCCGGTGGGACCCGGGAGCTTTCTCTCCCAGCCCGA,XXXXXXXXAGGCCCGGTGGGACCCGcGAGCTTTCTCXXXXXXXXXXX,13,15,18.68872833251953
TGGGTAGGAGGCCCGGTGGGACCCGGGAGCTTTCTCTCCCAGCCCGA,XXXXXXXXAGGCCCGGTGGGACCCGcGAGCTTTCTCTCCCAXXXXXX,13,20,16.058664321899414
CGGTCAGCCAGGTGCTCAAAGGCTAGGACTGGACGCTGGTGCCCATG,XXXXXXXXCAGGTGCTCAAAGGCTAcGACXXXXXXXXXXXXXXXXXX,13,8,17.703472137451172
CGGTCAGCCAGGTGCTCAAAGGCTAGGACTGGACGCTGGTGCCCATG,XXXXXXXXCAGGTGCTCAAAGGCTAcGACTGGAXXXXXXXXXXXXXX,13,12,19.762371063232422
CGGTCAGCCAGGTGCTCAAAGGCTAGGACTGGACGCTGGTGCCCATG,XXXXXXXXCAGGTGCTCAAAGGCTAcGACTGGACGCXXXXXXXXXXX,13,15,16.732463836669922
CGGTCAGCCAGGTGCTCAAAGGCTAGGACTGGACGCTGGTGCCCATG,XXXXXXXXCAGGTGCTCAAAGGCTAcGACTGGACGCTGGTGXXXXXX,13,20,11.631179809570312
TGCTCCTTTGATCAGACGTAGGATTGGGCCAATCCTAGCAAGACGGA,XXXXXXXXTGATCAGACGTAGGATTcGGCXXXXXXXXXXXXXXXXXX,13,8,1.9833414554595947
TGCTCCTTTGATCAGACGTAGGATTGGGCCAATCCTAGCAAGACGGA,XXXXXXXXTGATCAGACGTAGGATTcGGCCAATXXXXXXXXXXXXXX,13,12,4.993546485900879
TGCTCCTTTGATCAGACGTAGGATTGGGCCAATCCTAGCAAGACGGA,XXXXXXXXTGATCAGACGTAGGATTcGGCCAATCCTXXXXXXXXXXX,13,15,6.348404407501221
TGCTCCTTTGATCAGACGTAGGATTGGGCCAATCCTAGCAAGACGGA,XXXXXXXXTGATCAGACGTAGGATTcGGCCAATCCTAGCAAXXXXXX,13,20,5.461073398590088
GCGCATGGTCACGATGCTGTGGTACGGCAGTGCGTGGAAGATGGTGA,XXXXXXXXTCACGATGCTGTGGTACcGCAXXXXXXXXXXXXXXXXXX,13,8,16.303739547729492
GCGCATGGTCACGATGCTGTGGTACGGCAGTGCGTGGAAGATGGTGA,XXXXXXXXTCACGATGCTGTGGTACcGCAGTGCXXXXXXXXXXXXXX,13,12,17.303531646728516
GCGCATGGTCACGATGCTGTGGTACGGCAGTGCGTGGAAGATGGTGA,XXXXXXXXTCACGATGCTGTGGTACcGCAGTGCGTGXXXXXXXXXXX,13,15,14.468080520629883
GCGCATGGTCACGATGCTGTGGTACGGCAGTGCGTGGAAGATGGTGA,XXXXXXXXTCACGATGCTGTGGTACcGCAGTGCGTGGAAGAXXXXXX,13,20,11.254610061645508
GTGACAGGGGTCCTCCAGCTGACACGGCTCACCCACCCAGCCAGGCG,XXXXXXXXGGTCCTCCAGCTGACACcGCTXXXXXXXXXXXXXXXXXX,13,8,5.210132598876953
GTGACAGGGGTCCTCCAGCTGACACGGCTCACCCACCCAGCCAGGCG,XXXXXXXXGGTCCTCCAGCTGACACcGCTCACCXXXXXXXXXXXXXX,13,12,6.8010478019714355
GTGACAGGGGTCCTCCAGCTGACACGGCTCACCCACCCAGCCAGGCG,XXXXXXXXGGTCCTCCAGCTGACACcGCTCACCCACXXXXXXXXXXX,13,15,6.7212815284729
GTGACAGGGGTCCTCCAGCTGACACGGCTCACCCACCCAGCCAGGCG,XXXXXXXXGGTCCTCCAGCTGACACcGCTCACCCACCCAGCXXXXXX,13,20,5.159910202026367
TATCATGTACGTTTTCCCAGCAGCAGGTAATGTCTGCAAACAAAAAT,XXXXXXXXACGTTTTCCCAGCAGCAcGTAXXXXXXXXXXXXXXXXXX,13,8,19.01608657836914
TATCATGTACGTTTTCCCAGCAGCAGGTAATGTCTGCAAACAAAAAT,XXXXXXXXACGTTTTCCCAGCAGCAcGTAATGTXXXXXXXXXXXXXX,13,12,18.791473388671875
TATCATGTACGTTTTCCCAGCAGCAGGTAATGTCTGCAAACAAAAAT,XXXXXXXXACGTTTTCCCAGCAGCAcGTAATGTCTGXXXXXXXXXXX,13,15,16.258541107177734
TATCATGTACGTTTTCCCAGCAGCAGGTAATGTCTGCAAACAAAAAT,XXXXXXXXACGTTTTCCCAGCAGCAcGTAATGTCTGCAAACXXXXXX,13,20,13.197513580322266
AGCGCGTAGCCCTCATAAATGGGCAGGTTGTGGGTGACGCCGTCGCC,XXXXXXXXGCCCTCATAAATGGGCAcGTTXXXXXXXXXXXXXXXXXX,13,8,12.706716537475586
AGCGCGTAGCCCTCATAAATGGGCAGGTTGTGGGTGACGCCGTCGCC,XXXXXXXXGCCCTCATAAATGGGCAcGTTGTGGXXXXXXXXXXXXXX,13,12,13.785137176513672
AGCGCGTAGCCCTCATAAATGGGCAGGTTGTGGGTGACGCCGTCGCC,XXXXXXXXGCCCTCATAAATGGGCAcGTTGTGGGTGXXXXXXXXXXX,13,15,11.537714004516602
AGCGCGTAGCCCTCATAAATGGGCAGGTTGTGGGTGACGCCGTCGCC,XXXXXXXXGCCCTCATAAATGGGCAcGTTGTGGGTGACGCCXXXXXX,13,20,8.997451782226562
ACCATGTCCTGCAGATAGGCAAACCGGCCCCAGATGTACCGGAAATC,XXXXXXXXCTGCAGATAGGCAAACCcGCCXXXXXXXXXXXXXXXXXX,13,8,4.234139442443848
ACCATGTCCTGCAGATAGGCAAACCGGCCCCAGATGTACCGGAAATC,XXXXXXXXCTGCAGATAGGCAAACCcGCCCCAGXXXXXXXXXXXXXX,13,12,6.136974811553955
ACCATGTCCTGCAGATAGGCAAACCGGCCCCAGATGTACCGGAAATC,XXXXXXXXCTGCAGATAGGCAAACCcGCCCCAGATGXXXXXXXXXXX,13,15,6.711575984954834
ACCATGTCCTGCAGATAGGCAAACCGGCCCCAGATGTACCGGAAATC,XXXXXXXXCTGCAGATAGGCAAACCcGCCCCAGATGTACCGXXXXXX,13,20,4.423417091369629
GGGCAGCCCTGGAAACCTTGAGTGCGGTTCACACCAGGCGGACCACG,XXXXXXXXCTGGAAACCTTGAGTGCcGTTXXXXXXXXXXXXXXXXXX,13,8,21.01005744934082
GGGCAGCCCTGGAAACCTTGAGTGCGGTTCACACCAGGCGGACCACG,XXXXXXXXCTGGAAACCTTGAGTGCcGTTCACAXXXXXXXXXXXXXX,13,12,21.72749900817871
GGGCAGCCCTGGAAACCTTGAGTGCGGTTCACACCAGGCGGACCACG,XXXXXXXXCTGGAAACCTTGAGTGCcGTTCACACCAXXXXXXXXXXX,13,15,18.919490814208984
GGGCAGCCCTGGAAACCTTGAGTGCGGTTCACACCAGGCGGACCACG,XXXXXXXXCTGGAAACCTTGAGTGCcGTTCACACCAGGCGGXXXXXX,13,20,13.619359970092773
AGGCTTCTGTGCTCCTGGCTTCTTAGGCCGTCCAGGCCAAGGTAGGC,XXXXXXXXGTGCTCCTGGCTTCTTAcGCCXXXXXXXXXXXXXXXXXX,13,8,2.799125909805298
AGGCTTCTGTGCTCCTGGCTTCTTAGGCCGTCCAGGCCAAGGTAGGC,XXXXXXXXGTGCTCCTGGCTTCTTAcGCCGTCCXXXXXXXXXXXXXX,13,12,4.008145332336426
AGGCTTCTGTGCTCCTGGCTTCTTAGGCCGTCCAGGCCAAGGTAGGC,XXXXXXXXGTGCTCCTGGCTTCTTAcGCCGTCCAGGXXXXXXXXXXX,13,15,3.075979709625244
AGGCTTCTGTGCTCCTGGCTTCTTAGGCCGTCCAGGCCAAGGTAGGC,XXXXXXXXGTGCTCCTGGCTTCTTAcGCCGTCCAGGCCAAGXXXXXX,13,20,0.8826531767845154
CATATAGTTCACTGGAATATCCTCTGGCCACACCTGTATGATTGTGT,XXXXXXXXTCACTGGAATATCCTCTcGCCXXXXXXXXXXXXXXXXXX,13,8,8.274507522583008
CATATAGTTCACTGGAATATCCTCTGGCCACACCTGTATGATTGTGT,XXXXXXXXTCACTGGAATATCCTCTcGCCACACXXXXXXXXXXXXXX,13,12,12.808816909790039
CATATAGTTCACTGGAATATCCTCTGGCCACACCTGTATGATTGTGT,XXXXXXXXTCACTGGAATATCCTCTcGCCACACCTGXXXXXXXXXXX,13,15,10.574251174926758
CATATAGTTCACTGGAATATCCTCTGGCCACACCTGTATGATTGTGT,XXXXXXXXTCACTGGAATATCCTCTcGCCACACCTGTATGAXXXXXX,13,20,6.29036808013916
GGCAGAGGCAGGATGAAAACACTTAGGTCGGAGGATCTCTCGTTGCT,XXXXXXXXCAGGATGAAAACACTTAcGTCXXXXXXXXXXXXXXXXXX,13,8,12.169063568115234
GGCAGAGGCAGGATGAAAACACTTAGGTCGGAGGATCTCTCGTTGCT,XXXXXXXXCAGGATGAAAACACTTAcGTCGGAGXXXXXXXXXXXXXX,13,12,17.359403610229492
GGCAGAGGCAGGATGAAAACACTTAGGTCGGAGGATCTCTCGTTGCT,XXXXXXXXCAGGATGAAAACACTTAcGTCGGAGGATXXXXXXXXXXX,13,15,13.564289093017578
GGCAGAGGCAGGATGAAAACACTTAGGTCGGAGGATCTCTCGTTGCT,XXXXXXXXCAGGATGAAAACACTTAcGTCGGAGGATCTCTCXXXXXX,13,20,9.590843200683594
GTCCCGGAAGCCTCCCTGACCTCTCGGTACCTGAAACCCAGCGTAGA,XXXXXXXXAGCCTCCCTGACCTCTCcGTAXXXXXXXXXXXXXXXXXX,13,8,6.129823207855225
GTCCCGGAAGCCTCCCTGACCTCTCGGTACCTGAAACCCAGCGTAGA,XXXXXXXXAGCCTCCCTGACCTCTCcGTACCTGXXXXXXXXXXXXXX,13,12,7.268025875091553
GTCCCGGAAGCCTCCCTGACCTCTCGGTACCTGAAACCCAGCGTAGA,XXXXXXXXAGCCTCCCTGACCTCTCcGTACCTGAAAXXXXXXXXXXX,13,15,6.565145015716553
GTCCCGGAAGCCTCCCTGACCTCTCGGTACCTGAAACCCAGCGTAGA,XXXXXXXXAGCCTCCCTGACCTCTCcGTACCTGAAACCCAGXXXXXX,13,20,4.608180999755859
AGGCTGACCTCCAGGAGTCCAAAGGGGTACATCAGCAGGGACCGGAG,XXXXXXXXCTCCAGGAGTCCAAAGGcGTAXXXXXXXXXXXXXXXXXX,13,8,22.892698287963867
AGGCTGACCTCCAGGAGTCCAAAGGGGTACATCAGCAGGGACCGGAG,XXXXXXXXCTCCAGGAGTCCAAAGGcGTACATCXXXXXXXXXXXXXX,13,12,22.600948333740234
AGGCTGACCTCCAGGAGTCCAAAGGGGTACATCAGCAGGGACCGGAG,XXXXXXXXCTCCAGGAGTCCAAAGGcGTACATCAGCXXXXXXXXXXX,13,15,18.98537826538086
AGGCTGACCTCCAGGAGTCCAAAGGGGTACATCAGCAGGGACCGGAG,XXXXXXXXCTCCAGGAGTCCAAAGGcGTACATCAGCAGGGAXXXXXX,13,20,13.509248733520508
GTACCTTGGAGACAGCCGAGGAGCCGGAAGATCCCGCCACGCAGGGC,XXXXXXXXGAGACAGCCGAGGAGCCcGAAXXXXXXXXXXXXXXXXXX,13,8,11.575813293457031
GTACCTTGGAGACAGCCGAGGAGCCGGAAGATCCCGCCACGCAGGGC,XXXXXXXXGAGACAGCCGAGGAGCCcGAAGATCXXXXXXXXXXXXXX,13,12,13.252241134643555
GTACCTTGGAGACAGCCGAGGAGCCGGAAGATCCCGCCACGCAGGGC,XXXXXXXXGAGACAGCCGAGGAGCCcGAAGATCCCGXXXXXXXXXXX,13,15,11.572494506835938
GTACCTTGGAGACAGCCGAGGAGCCGGAAGATCCCGCCACGCAGGGC,XXXXXXXXGAGACAGCCGAGGAGCCcGAAGATCCCGCCACGXXXXXX,13,20,7.597497940063477
AGCCCGCACCCGCCATGGACAACTAGGCAGATCTTTCGGATACCGAG,XXXXXXXXCCCGCCATGGACAACTAcGCAXXXXXXXXXXXXXXXXXX,13,8,7.58877420425415
AGCCCGCACCCGCCATGGACAACTAGGCAGATCTTTCGGATACCGAG,XXXXXXXXCCCGCCATGGACAACTAcGCAGATCXXXXXXXXXXXXXX,13,12,9.59337043762207
AGCCCGCACCCGCCATGGACAACTAGGCAGATCTTTCGGATACCGAG,XXXXXXXXCCCGCCATGGACAACTAcGCAGATCTTTXXXXXXXXXXX,13,15,7.957219123840332
AGCCCGCACCCGCCATGGACAACTAGGCAGATCTTTCGGATACCGAG,XXXXXXXXCCCGCCATGGACAACTAcGCAGATCTTTCGGATXXXXXX,13,20,7.770275592803955
GTGCACGGGCTTCCCCACGCAGCACGGAGGGAGGAGCAGCACTGGGA,XXXXXXXXGCTTCCCCACGCAGCACcGAGXXXXXXXXXXXXXXXXXX,13,8,10.788806915283203
GTGCACGGGCTTCCCCACGCAGCACGGAGGGAGGAGCAGCACTGGGA,XXXXXXXXGCTTCCCCACGCAGCACcGAGGGAGXXXXXXXXXXXXXX,13,12,10.776443481445312
GTGCACGGGCTTCCCCACGCAGCACGGAGGGAGGAGCAGCACTGGGA,XXXXXXXXGCTTCCCCACGCAGCACcGAGGGAGGAGXXXXXXXXXXX,13,15,9.903291702270508
GTGCACGGGCTTCCCCACGCAGCACGGAGGGAGGAGCAGCACTGGGA,XXXXXXXXGCTTCCCCACGCAGCACcGAGGGAGGAGCAGCAXXXXXX,13,20,8.473197937011719
GTTGGTGCGGAGGCTCCAATAGATGGGCGTGGCCTCGTAGCCCACGG,XXXXXXXXGGAGGCTCCAATAGATGcGCGXXXXXXXXXXXXXXXXXX,13,8,8.377084732055664
GTTGGTGCGGAGGCTCCAATAGATGGGCGTGGCCTCGTAGCCCACGG,XXXXXXXXGGAGGCTCCAATAGATGcGCGTGGCXXXXXXXXXXXXXX,13,12,8.451722145080566
GTTGGTGCGGAGGCTCCAATAGATGGGCGTGGCCTCGTAGCCCACGG,XXXXXXXXGGAGGCTCCAATAGATGcGCGTGGCCTCXXXXXXXXXXX,13,15,8.089357376098633
GTTGGTGCGGAGGCTCCAATAGATGGGCGTGGCCTCGTAGCCCACGG,XXXXXXXXGGAGGCTCCAATAGATGcGCGTGGCCTCGTAGCXXXXXX,13,20,6.225454807281494
ATGTCTTTCCACAACCCTTGGGCCAGGCACGCCTCCTCCTTCAGCTA,XXXXXXXXCCACAACCCTTGGGCCAcGCAXXXXXXXXXXXXXXXXXX,13,8,11.465675354003906
ATGTCTTTCCACAACCCTTGGGCCAGGCACGCCTCCTCCTTCAGCTA,XXXXXXXXCCACAACCCTTGGGCCAcGCACGCCXXXXXXXXXXXXXX,13,12,13.680747985839844
ATGTCTTTCCACAACCCTTGGGCCAGGCACGCCTCCTCCTTCAGCTA,XXXXXXXXCCACAACCCTTGGGCCAcGCACGCCTCCXXXXXXXXXXX,13,15,13.162210464477539
ATGTCTTTCCACAACCCTTGGGCCAGGCACGCCTCCTCCTTCAGCTA,XXXXXXXXCCACAACCCTTGGGCCAcGCACGCCTCCTCCTTXXXXXX,13,20,12.139808654785156
CACTTCCCACATCCTAGAGCCTGGGGGAGCACAATATATCAGAGGTT,XXXXXXXXACATCCTAGAGCCTGGGcGAGXXXXXXXXXXXXXXXXXX,13,8,21.673336029052734
CACTTCCCACATCCTAGAGCCTGGGGGAGCACAATATATCAGAGGTT,XXXXXXXXACATCCTAGAGCCTGGGcGAGCACAXXXXXXXXXXXXXX,13,12,19.71428108215332
CACTTCCCACATCCTAGAGCCTGGGGGAGCACAATATATCAGAGGTT,XXXXXXXXACATCCTAGAGCCTGGGcGAGCACAATAXXXXXXXXXXX,13,15,16.851213455200195
CACTTCCCACATCCTAGAGCCTGGGGGAGCACAATATATCAGAGGTT,XXXXXXXXACATCCTAGAGCCTGGGcGAGCACAATATATCAXXXXXX,13,20,11.959300994873047
GGGAAGAGTTTACATCACAAATTATGGTCTTTATTTAAGAAGTTTGG,XXXXXXXXTTTACATCACAAATTATcGTCXXXXXXXXXXXXXXXXXX,13,8,-1.8603534698486328
GGGAAGAGTTTACATCACAAATTATGGTCTTTATTTAAGAAGTTTGG,XXXXXXXXTTTACATCACAAATTATcGTCTTTAXXXXXXXXXXXXXX,13,12,-0.49920177459716797
GGGAAGAGTTTACATCACAAATTATGGTCTTTATTTAAGAAGTTTGG,XXXXXXXXTTTACATCACAAATTATcGTCTTTATTTXXXXXXXXXXX,13,15,-0.207993745803833
GGGAAGAGTTTACATCACAAATTATGGTCTTTATTTAAGAAGTTTGG,XXXXXXXXTTTACATCACAAATTATcGTCTTTATTTAAGAAXXXXXX,13,20,-0.7561695575714111
TGGCTGCGGCAAGAGCTCCCTGTTCGGGATCCTGGGTGGGCTCTGGC,XXXXXXXXGCAAGAGCTCCCTGTTCcGGAXXXXXXXXXXXXXXXXXX,13,8,4.332018852233887
TGGCTGCGGCAAGAGCTCCCTGTTCGGGATCCTGGGTGGGCTCTGGC,XXXXXXXXGCAAGAGCTCCCTGTTCcGGATCCTXXXXXXXXXXXXXX,13,12,6.207086563110352
TGGCTGCGGCAAGAGCTCCCTGTTCGGGATCCTGGGTGGGCTCTGGC,XXXXXXXXGCAAGAGCTCCCTGTTCcGGATCCTGGGXXXXXXXXXXX,13,15,5.394530296325684
TGGCTGCGGCAAGAGCTCCCTGTTCGGGATCCTGGGTGGGCTCTGGC,XXXXXXXXGCAAGAGCTCCCTGTTCcGGATCCTGGGTGGGCXXXXXX,13,20,5.736280918121338
TGCAGATAGAAATCATTGCTGACTAGGAGGTGCACCCCAACCGACGC,XXXXXXXXGAAATCATTGCTGACTAcGAGXXXXXXXXXXXXXXXXXX,13,8,8.36107349395752
TGCAGATAGAAATCATTGCTGACTAGGAGGTGCACCCCAACCGACGC,XXXXXXXXGAAATCATTGCTGACTAcGAGGTGCXXXXXXXXXXXXXX,13,12,11.81781005859375
TGCAGATAGAAATCATTGCTGACTAGGAGGTGCACCCCAACCGACGC,XXXXXXXXGAAATCATTGCTGACTAcGAGGTGCACCXXXXXXXXXXX,13,15,10.567056655883789
TGCAGATAGAAATCATTGCTGACTAGGAGGTGCACCCCAACCGACGC,XXXXXXXXGAAATCATTGCTGACTAcGAGGTGCACCCCAACXXXXXX,13,20,8.932415008544922
GGTGGAAGACCACATCAAGAACTACGGGTGAGCAGAGCTGCTGGGAC,XXXXXXXXACCACATCAAGAACTACcGGTXXXXXXXXXXXXXXXXXX,13,8,10.000505447387695
GGTGGAAGACCACATCAAGAACTACGGGTGAGCAGAGCTGCTGGGAC,XXXXXXXXACCACATCAAGAACTACcGGTGAGCXXXXXXXXXXXXXX,13,12,14.102327346801758
GGTGGAAGACCACATCAAGAACTACGGGTGAGCAGAGCTGCTGGGAC,XXXXXXXXACCACATCAAGAACTACcGGTGAGCAGAXXXXXXXXXXX,13,15,11.930158615112305
GGTGGAAGACCACATCAAGAACTACGGGTGAGCAGAGCTGCTGGGAC,XXXXXXXXACCACATCAAGAACTACcGGTGAGCAGAGCTGCXXXXXX,13,20,8.020404815673828
TCACGGTGCTGGTGGTCTTCCGCATGGTGCTGACGGCTGTGGGCGGC,XXXXXXXXCTGGTGGTCTTCCGCATcGTGXXXXXXXXXXXXXXXXXX,13,8,26.430295944213867
TCACGGTGCTGGTGGTCTTCCGCATGGTGCTGACGGCTGTGGGCGGC,XXXXXXXXCTGGTGGTCTTCCGCATcGTGCTGAXXXXXXXXXXXXXX,13,12,26.056922912597656
TCACGGTGCTGGTGGTCTTCCGCATGGTGCTGACGGCTGTGGGCGGC,XXXXXXXXCTGGTGGTCTTCCGCATcGTGCTGACGGXXXXXXXXXXX,13,15,22.081220626831055
TCACGGTGCTGGTGGTCTTCCGCATGGTGCTGACGGCTGTGGGCGGC,XXXXXXXXCTGGTGGTCTTCCGCATcGTGCTGACGGCTGTGXXXXXX,13,20,15.81707763671875
CCGCCCCTGCAGACTTCATCGTGTTGGTGGCCTCGGTGGCCGTCATC,XXXXXXXXGCAGACTTCATCGTGTTcGTGXXXXXXXXXXXXXXXXXX,13,8,14.51584243774414
CCGCCCCTGCAGACTTCATCGTGTTGGTGGCCTCGGTGGCCGTCATC,XXXXXXXXGCAGACTTCATCGTGTTcGTGGCCTXXXXXXXXXXXXXX,13,12,16.88846206665039
CCGCCCCTGCAGACTTCATCGTGTTGGTGGCCTCGGTGGCCGTCATC,XXXXXXXXGCAGACTTCATCGTGTTcGTGGCCTCGGXXXXXXXXXXX,13,15,13.275297164916992
CCGCCCCTGCAGACTTCATCGTGTTGGTGGCCTCGGTGGCCGTCATC,XXXXXXXXGCAGACTTCATCGTGTTcGTGGCCTCGGTGGCCXXXXXX,13,20,12.01479721069336
CCATGGTGCTTGTCACCTTCTCCATGGTCACCAGCGTGTGCGTGCTC,XXXXXXXXCTTGTCACCTTCTCCATcGTCXXXXXXXXXXXXXXXXXX,13,8,19.294506072998047
CCATGGTGCTTGTCACCTTCTCCATGGTCACCAGCGTGTGCGTGCTC,XXXXXXXXCTTGTCACCTTCTCCATcGTCACCAXXXXXXXXXXXXXX,13,12,22.496253967285156
CCATGGTGCTTGTCACCTTCTCCATGGTCACCAGCGTGTGCGTGCTC,XXXXXXXXCTTGTCACCTTCTCCATcGTCACCAGCGXXXXXXXXXXX,13,15,19.36040687561035
CCATGGTGCTTGTCACCTTCTCCATGGTCACCAGCGTGTGCGTGCTC,XXXXXXXXCTTGTCACCTTCTCCATcGTCACCAGCGTGTGCXXXXXX,13,20,13.544946670532227
CCACAGCTGCTGCCCACACTGCCATGGCCTCCGCCTCCACCACAGCC,XXXXXXXXGCTGCCCACACTGCCATcGCCXXXXXXXXXXXXXXXXXX,13,8,13.233592987060547
CCACAGCTGCTGCCCACACTGCCATGGCCTCCGCCTCCACCACAGCC,XXXXXXXXGCTGCCCACACTGCCATcGCCTCCGXXXXXXXXXXXXXX,13,12,14.392532348632812
CCACAGCTGCTGCCCACACTGCCATGGCCTCCGCCTCCACCACAGCC,XXXXXXXXGCTGCCCACACTGCCATcGCCTCCGCCTXXXXXXXXXXX,13,15,13.14971923828125
CCACAGCTGCTGCCCACACTGCCATGGCCTCCGCCTCCACCACAGCC,XXXXXXXXGCTGCCCACACTGCCATcGCCTCCGCCTCCACCXXXXXX,13,20,11.415382385253906
GCCTACCCGGGCTGGTTCCTGTGCAGGGTGCCTGAAGCCGATCAGCC,XXXXXXXXGGGCTGGTTCCTGTGCAcGGTXXXXXXXXXXXXXXXXXX,13,8,17.145376205444336
GCCTACCCGGGCTGGTTCCTGTGCAGGGTGCCTGAAGCCGATCAGCC,XXXXXXXXGGGCTGGTTCCTGTGCAcGGTGCCTXXXXXXXXXXXXXX,13,12,15.611448287963867
GCCTACCCGGGCTGGTTCCTGTGCAGGGTGCCTGAAGCCGATCAGCC,XXXXXXXXGGGCTGGTTCCTGTGCAcGGTGCCTGAAXXXXXXXXXXX,13,15,14.280710220336914
GCCTACCCGGGCTGGTTCCTGTGCAGGGTGCCTGAAGCCGATCAGCC,XXXXXXXXGGGCTGGTTCCTGTGCAcGGTGCCTGAAGCCGAXXXXXX,13,20,11.799333572387695
TGTGTGCCGCTGGCAGGCCTGCACGGGGGAGCAGAAGCCCTTCAAGG,XXXXXXXXGCTGGCAGGCCTGCACGcGGGXXXXXXXXXXXXXXXXXX,13,8,10.491889953613281
TGTGTGCCGCTGGCAGGCCTGCACGGGGGAGCAGAAGCCCTTCAAGG,XXXXXXXXGCTGGCAGGCCTGCACGcGGGAGCAXXXXXXXXXXXXXX,13,12,11.184761047363281
TGTGTGCCGCTGGCAGGCCTGCACGGGGGAGCAGAAGCCCTTCAAGG,XXXXXXXXGCTGGCAGGCCTGCACGcGGGAGCAGAAXXXXXXXXXXX,13,15,10.453763961791992
TGTGTGCCGCTGGCAGGCCTGCACGGGGGAGCAGAAGCCCTTCAAGG,XXXXXXXXGCTGGCAGGCCTGCACGcGGGAGCAGAAGCCCTXXXXXX,13,20,9.433791160583496
CACACAGCAAGATGTGCTACGGACCGGCGTAAAGACCACGGGGATCG,XXXXXXXXAAGATGTGCTACGGACCcGCGXXXXXXXXXXXXXXXXXX,13,8,18.267168045043945
CACACAGCAAGATGTGCTACGGACCGGCGTAAAGACCACGGGGATCG,XXXXXXXXAAGATGTGCTACGGACCcGCGTAAAXXXXXXXXXXXXXX,13,12,19.286718368530273
CACACAGCAAGATGTGCTACGGACCGGCGTAAAGACCACGGGGATCG,XXXXXXXXAAGATGTGCTACGGACCcGCGTAAAGACXXXXXXXXXXX,13,15,17.263587951660156
CACACAGCAAGATGTGCTACGGACCGGCGTAAAGACCACGGGGATCG,XXXXXXXXAAGATGTGCTACGGACCcGCGTAAAGACCACGGXXXXXX,13,20,12.340156555175781
TGGCCCAGGAAGCTGCTCAAATCCAGGCTGGTGCTCATGCCCCTCTT,XXXXXXXXGAAGCTGCTCAAATCCAcGCTXXXXXXXXXXXXXXXXXX,13,8,11.758979797363281
TGGCCCAGGAAGCTGCTCAAATCCAGGCTGGTGCTCATGCCCCTCTT,XXXXXXXXGAAGCTGCTCAAATCCAcGCTGGTGXXXXXXXXXXXXXX,13,12,15.2745361328125
TGGCCCAGGAAGCTGCTCAAATCCAGGCTGGTGCTCATGCCCCTCTT,XXXXXXXXGAAGCTGCTCAAATCCAcGCTGGTGCTCXXXXXXXXXXX,13,15,13.058229446411133
TGGCCCAGGAAGCTGCTCAAATCCAGGCTGGTGCTCATGCCCCTCTT,XXXXXXXXGAAGCTGCTCAAATCCAcGCTGGTGCTCATGCCXXXXXX,13,20,10.90964126586914
GAGGGACTCATCTTTGAACACAACAGGAAGAATCTCCTTCATCGCCA,XXXXXXXXCATCTTTGAACACAACAcGAAXXXXXXXXXXXXXXXXXX,13,8,4.156198501586914
GAGGGACTCATCTTTGAACACAACAGGAAGAATCTCCTTCATCGCCA,XXXXXXXXCATCTTTGAACACAACAcGAAGAATXXXXXXXXXXXXXX,13,12,4.108695983886719
GAGGGACTCATCTTTGAACACAACAGGAAGAATCTCCTTCATCGCCA,XXXXXXXXCATCTTTGAACACAACAcGAAGAATCTCXXXXXXXXXXX,13,15,5.465643882751465
GAGGGACTCATCTTTGAACACAACAGGAAGAATCTCCTTCATCGCCA,XXXXXXXXCATCTTTGAACACAACAcGAAGAATCTCCTTCAXXXXXX,13,20,4.339204788208008
GGGTTTGATGTGGTGGATGCTGGCTGGGGAAGTTCTGCGCATGCGTG,XXXXXXXXTGTGGTGGATGCTGGCTcGGGXXXXXXXXXXXXXXXXXX,13,8,5.768176555633545
GGGTTTGATGTGGTGGATGCTGGCTGGGGAAGTTCTGCGCATGCGTG,XXXXXXXXTGTGGTGGATGCTGGCTcGGGAAGTXXXXXXXXXXXXXX,13,12,7.975648403167725
GGGTTTGATGTGGTGGATGCTGGCTGGGGAAGTTCTGCGCATGCGTG,XXXXXXXXTGTGGTGGATGCTGGCTcGGGAAGTTCTXXXXXXXXXXX,13,15,7.424497127532959
GGGTTTGATGTGGTGGATGCTGGCTGGGGAAGTTCTGCGCATGCGTG,XXXXXXXXTGTGGTGGATGCTGGCTcGGGAAGTTCTGCGCAXXXXXX,13,20,6.029305934906006
AAAAGATGCAGCACTGGGTCCTATCGGAGGTAGGTATACAAGAGCTT,XXXXXXXXCAGCACTGGGTCCTATCcGAGXXXXXXXXXXXXXXXXXX,13,8,10.342042922973633
AAAAGATGCAGCACTGGGTCCTATCGGAGGTAGGTATACAAGAGCTT,XXXXXXXXCAGCACTGGGTCCTATCcGAGGTAGXXXXXXXXXXXXXX,13,12,10.475090026855469
AAAAGATGCAGCACTGGGTCCTATCGGAGGTAGGTATACAAGAGCTT,XXXXXXXXCAGCACTGGGTCCTATCcGAGGTAGGTAXXXXXXXXXXX,13,15,9.123851776123047
AAAAGATGCAGCACTGGGTCCTATCGGAGGTAGGTATACAAGAGCTT,XXXXXXXXCAGCACTGGGTCCTATCcGAGGTAGGTATACAAXXXXXX,13,20,6.701858997344971
CAAGGAAGTGGAGGTGCAGGAGCCTGGCTTCATCAGCTCCTTGAGCG,XXXXXXXXTGGAGGTGCAGGAGCCTcGCTXXXXXXXXXXXXXXXXXX,13,8,13.91754150390625
CAAGGAAGTGGAGGTGCAGGAGCCTGGCTTCATCAGCTCCTTGAGCG,XXXXXXXXTGGAGGTGCAGGAGCCTcGCTTCATXXXXXXXXXXXXXX,13,12,14.962949752807617
CAAGGAAGTGGAGGTGCAGGAGCCTGGCTTCATCAGCTCCTTGAGCG,XXXXXXXXTGGAGGTGCAGGAGCCTcGCTTCATCAGXXXXXXXXXXX,13,15,13.042482376098633
CAAGGAAGTGGAGGTGCAGGAGCCTGGCTTCATCAGCTCCTTGAGCG,XXXXXXXXTGGAGGTGCAGGAGCCTcGCTTCATCAGCTCCTXXXXXX,13,20,13.194816589355469
CTTGGGCTAGATAATAGTGGCAAAAGGACGATCATTAACAAACTTAA,XXXXXXXXAGATAATAGTGGCAAAAcGACXXXXXXXXXXXXXXXXXX,13,8,12.454828262329102
CTTGGGCTAGATAATAGTGGCAAAAGGACGATCATTAACAAACTTAA,XXXXXXXXAGATAATAGTGGCAAAAcGACGATCXXXXXXXXXXXXXX,13,12,15.591339111328125
CTTGGGCTAGATAATAGTGGCAAAAGGACGATCATTAACAAACTTAA,XXXXXXXXAGATAATAGTGGCAAAAcGACGATCATTXXXXXXXXXXX,13,15,11.801773071289062
CTTGGGCTAGATAATAGTGGCAAAAGGACGATCATTAACAAACTTAA,XXXXXXXXAGATAATAGTGGCAAAAcGACGATCATTAACAAXXXXXX,13,20,7.887047290802002
CTGGGCTTCCCCATCAACTTCCTCAGGCTCTACGTCACCGTCCAGCA,XXXXXXXXCCCCATCAACTTCCTCAcGCTXXXXXXXXXXXXXXXXXX,13,8,10.612228393554688
CTGGGCTTCCCCATCAACTTCCTCAGGCTCTACGTCACCGTCCAGCA,XXXXXXXXCCCCATCAACTTCCTCAcGCTCTACXXXXXXXXXXXXXX,13,12,12.75922966003418
CTGGGCTTCCCCATCAACTTCCTCAGGCTCTACGTCACCGTCCAGCA,XXXXXXXXCCCCATCAACTTCCTCAcGCTCTACGTCXXXXXXXXXXX,13,15,11.55942153930664
CTGGGCTTCCCCATCAACTTCCTCAGGCTCTACGTCACCGTCCAGCA,XXXXXXXXCCCCATCAACTTCCTCAcGCTCTACGTCACCGTXXXXXX,13,20,8.756175994873047
GCGGGAGCACTCAGAGCGCAAGAAGGGGCGGCGCGAGAGCGAGTGCA,XXXXXXXXACTCAGAGCGCAAGAAGcGGCXXXXXXXXXXXXXXXXXX,13,8,9.803359985351562
GCGGGAGCACTCAGAGCGCAAGAAGGGGCGGCGCGAGAGCGAGTGCA,XXXXXXXXACTCAGAGCGCAAGAAGcGGCGGCGXXXXXXXXXXXXXX,13,12,9.392372131347656
GCGGGAGCACTCAGAGCGCAAGAAGGGGCGGCGCGAGAGCGAGTGCA,XXXXXXXXACTCAGAGCGCAAGAAGcGGCGGCGCGAXXXXXXXXXXX,13,15,7.326576232910156
GCGGGAGCACTCAGAGCGCAAGAAGGGGCGGCGCGAGAGCGAGTGCA,XXXXXXXXACTCAGAGCGCAAGAAGcGGCGGCGCGAGAGCGXXXXXX,13,20,5.910760879516602
