,Unnamed: 0,gene,target_mutation,Target,is_dPAM,dPAM,PBS,RTT,PrimeDesign_input,cas9_score,Target_pos,wide_initial_target,wide_mutated_target,Target_end_flank,3_extension,prediction,predictionmodel
0,0,01libbestpeg,01libbestpeg,12.487764373642744,False,0,GCCAGGTGGGTAC,GCTTCCCCGGCGAAGGCCAACG,GGCCGGGCCAAGCGTACCCACCTGGCCGTTGGCCTTCGC(G/C)GGGGAAGCGCCTGCTGCCTCCTCGGCGGTCACGTCGCCCCGGGGAGCCTTGGAGCTCTG,51.32,14,GGCCGGGCCAAGCGTACCCACCTGGCCGTTGGCCTTCGCGGGGGAAGCGCCTGCTGCCTCCTCGGCGGTCACGTCGCCCCGGGGAGCCTTGGAGCTCTG,GGCCGGGCCAAGCGTACCCACCTGGCCGTTGGCCTTCGCCGGGGAAGCGCCTGCTGCCTCCTCGGCGGTCACGTCGCCCCGGGGAGCCTTGGAGCTCTG,8,GCTTCCCCGGCGAAGGCCAACGGCCAGGTGGGTAC,,
1,1,01libendopeg,01libendopeg,46.574314333114216,True,1,AGGCCAACGGC,GCGCTTCCCCGGCGA,AAGCGTACCCACCTGGCCGTTGGCCTTCGC(G/C)GGGGAAGCGCCTGCTGCCTCCTCGGCGGTCACGTCGCCCCGGGGAGCCTTGGAGCTCTGGCTGCCCAT,19.68,5,AAGCGTACCCACCTGGCCGTTGGCCTTCGCGGGGGAAGCGCCTGCTGCCTCCTCGGCGGTCACGTCGCCCCGGGGAGCCTTGGAGCTCTGGCTGCCCAT,AAGCGTACCCACCTGGCCGTTGGCCTTCGCCGGGGAAGCGCCTGCTGCCTCCTCGGCGGTCACGTCGCCCCGGGGAGCCTTGGAGCTCTGGCTGCCCAT,10,GCGCTTCCCCGGCGAAGGCCAACGGC,0.8466410040855408,DeepPE
2,2,01libworstpeg,01libworstpeg,14.39840280921377,False,0,CGAAGGCCAACGG,CTTCCCCGG,CGTACCCACCTGGCCGTTGGCCTTCGC(G/C)GGGGAAGCGCCTGCTGCCTCCTCGGCGGTCACGTCGCCCCGGGGAGCCTTGGAGCTCTGGCTGCCCATGAT,66.28,2,CGTACCCACCTGGCCGTTGGCCTTCGCGGGGGAAGCGCCTGCTGCCTCCTCGGCGGTCACGTCGCCCCGGGGAGCCTTGGAGCTCTGGCTGCCCATGAT,CGTACCCACCTGGCCGTTGGCCTTCGCCGGGGAAGCGCCTGCTGCCTCCTCGGCGGTCACGTCGCCCCGGGGAGCCTTGGAGCTCTGGCTGCCCATGAT,7,CTTCCCCGGCGAAGGCCAACGG,,
3,3,03libbestpeg,03libbestpeg,1.2369298386254617,False,0,GCAGGATCTCTCC,GCATCCAGCACCGCAAGGCCCGTG,CCTGCACGGCTGTGGAGAGATCCTGCCACGGGCCTTGT(-TCACCATGTC)GGTGCTGGATGCGCTTTGGGAGGATCGGGATGTCCGTTTCGACCTGTCCGC,58.83,12,CCTGCACGGCTGTGGAGAGATCCTGCCACGGGCCTTGTTCACCATGTCGGTGCTGGATGCGCTTTGGGAGGATCGGGATGTCCGTTTCGACCTGTCCGC,CCTGCACGGCTGTGGAGAGATCCTGCCACGGGCCTTGCGGTGCTGGATGCGCTTTGGGAGGATCGGGATGTCCGTTTCGACCTGTCCGCGCAGTGAGTT,12,GCATCCAGCACCGCAAGGCCCGTGGCAGGATCTCTCC,,
4,4,03libendopeg,03libendopeg,12.996339747240247,True,1,CGGTGCTGGATGC,TGCCACGGGCCTTG,ATCCTCCCAAAGCGCATCCAGCACCGA(-CATGGTGAAC)AAGGCCCGTGGCAGGATCTCTCCACAGCCGTGCAGGCCTAGCTGCGTCTCTCTGGCTCCAAG,59.82,1,ATCCTCCCAAAGCGCATCCAGCACCGACATGGTGAACAAGGCCCGTGGCAGGATCTCTCCACAGCCGTGCAGGCCTAGCTGCGTCTCTCTGGCTCCAAG,ATCCTCCCAAAGCGCATCCAGCACCGCAAGGCCCGTGGCAGGATCTCTCCACAGCCGTGCAGGCCTAGCTGCGTCTCTCTGGCTCCAAGGCAACGGGCC,13,TGCCACGGGCCTTGCGGTGCTGGATGC,12.016,PE_type
5,5,03libworstpeg,03libworstpeg,9.620605431477095,True,1,CGGTGCTGGATGC,GGCCTTG,ATCCTCCCAAAGCGCATCCAGCACCGA(-CATGGTGAAC)AAGGCCCGTGGCAGGATCTCTCCACAGCCGTGCAGGCCTAGCTGCGTCTCTCTGGCTCCAAG,59.82,1,ATCCTCCCAAAGCGCATCCAGCACCGACATGGTGAACAAGGCCCGTGGCAGGATCTCTCCACAGCCGTGCAGGCCTAGCTGCGTCTCTCTGGCTCCAAG,ATCCTCCCAAAGCGCATCCAGCACCGCAAGGCCCGTGGCAGGATCTCTCCACAGCCGTGCAGGCCTAGCTGCGTCTCTCTGGCTCCAAGGCAACGGGCC,6,GGCCTTGCGGTGCTGGATGC,,
6,6,05libbestpeg,05libbestpeg,0.3933591110612057,True,1,AAGTGACTTCAGA,ATTTCTACAACGAAAA,TACTATGCTCAATTCTGAAGTCACTTTTTT(G/C)GTTGTAGAAATGACTGTGTTTATCTTTTTCCATGTTAATTACTCTTTAGGAAAAGAAACAAATAGTAT,0.86,5,TACTATGCTCAATTCTGAAGTCACTTTTTTGGTTGTAGAAATGACTGTGTTTATCTTTTTCCATGTTAATTACTCTTTAGGAAAAGAAACAAATAGTAT,TACTATGCTCAATTCTGAAGTCACTTTTTTCGTTGTAGAAATGACTGTGTTTATCTTTTTCCATGTTAATTACTCTTTAGGAAAAGAAACAAATAGTAT,11,ATTTCTACAACGAAAAAAGTGACTTCAGA,-0.8527417182922363,DeepPE
7,7,05libendopeg,05libendopeg,0.1787139080281333,True,1,AAGTGACTTCAGAAT,TTTCTACAACGAAAA,TACTATGCTCAATTCTGAAGTCACTTTTTT(G/C)GTTGTAGAAATGACTGTGTTTATCTTTTTCCATGTTAATTACTCTTTAGGAAAAGAAACAAATAGTAT,0.86,5,TACTATGCTCAATTCTGAAGTCACTTTTTTGGTTGTAGAAATGACTGTGTTTATCTTTTTCCATGTTAATTACTCTTTAGGAAAAGAAACAAATAGTAT,TACTATGCTCAATTCTGAAGTCACTTTTTTCGTTGTAGAAATGACTGTGTTTATCTTTTTCCATGTTAATTACTCTTTAGGAAAAGAAACAAATAGTAT,10,TTTCTACAACGAAAAAAGTGACTTCAGAAT,-0.8822116851806641,DeepPE
8,8,05libworstpeg,05libworstpeg,0.1084555734039894,True,1,AAGTGACTTCAGA,CTACAACGAAAA,TACTATGCTCAATTCTGAAGTCACTTTTTT(G/C)GTTGTAGAAATGACTGTGTTTATCTTTTTCCATGTTAATTACTCTTTAGGAAAAGAAACAAATAGTAT,0.86,5,TACTATGCTCAATTCTGAAGTCACTTTTTTGGTTGTAGAAATGACTGTGTTTATCTTTTTCCATGTTAATTACTCTTTAGGAAAAGAAACAAATAGTAT,TACTATGCTCAATTCTGAAGTCACTTTTTTCGTTGTAGAAATGACTGTGTTTATCTTTTTCCATGTTAATTACTCTTTAGGAAAAGAAACAAATAGTAT,7,CTACAACGAAAAAAGTGACTTCAGA,0.2764863967895508,DeepPE
9,9,06libbestpeg,06libbestpeg,0.2404552586829108,True,1,TAAGCATTTTCAG,TCCCTCTTTTCGTCTT,AGCTAGTAAATACCTGAAAATGCTTAAAGA(G/C)GAAAAGAGGGAAGAAGATGAGGAGAATGACAATGATAATGAAAGTGACCATGATGAAGCTGACTCCTA,50.17,5,AGCTAGTAAATACCTGAAAATGCTTAAAGAGGAAAAGAGGGAAGAAGATGAGGAGAATGACAATGATAATGAAAGTGACCATGATGAAGCTGACTCCTA,AGCTAGTAAATACCTGAAAATGCTTAAAGACGAAAAGAGGGAAGAAGATGAGGAGAATGACAATGATAATGAAAGTGACCATGATGAAGCTGACTCCTA,11,TCCCTCTTTTCGTCTTTAAGCATTTTCAG,5.631153106689453,DeepPE
10,10,06libendopeg,06libendopeg,0.2860662420763841,True,1,TAAGCATTTTCAGGT,TTCTTCCCTCTTTTCGTCTT,AGCTAGTAAATACCTGAAAATGCTTAAAGA(G/C)GAAAAGAGGGAAGAAGATGAGGAGAATGACAATGATAATGAAAGTGACCATGATGAAGCTGACTCCTA,50.17,5,AGCTAGTAAATACCTGAAAATGCTTAAAGAGGAAAAGAGGGAAGAAGATGAGGAGAATGACAATGATAATGAAAGTGACCATGATGAAGCTGACTCCTA,AGCTAGTAAATACCTGAAAATGCTTAAAGACGAAAAGAGGGAAGAAGATGAGGAGAATGACAATGATAATGAAAGTGACCATGATGAAGCTGACTCCTA,15,TTCTTCCCTCTTTTCGTCTTTAAGCATTTTCAGGT,2.8914384841918945,DeepPE
11,11,06libworstpeg,06libworstpeg,1.4611878012120072,True,1,TAAGCATTTTCAG,CTTTTCGTCTT,AGCTAGTAAATACCTGAAAATGCTTAAAGA(G/C)GAAAAGAGGGAAGAAGATGAGGAGAATGACAATGATAATGAAAGTGACCATGATGAAGCTGACTCCTA,50.17,5,AGCTAGTAAATACCTGAAAATGCTTAAAGAGGAAAAGAGGGAAGAAGATGAGGAGAATGACAATGATAATGAAAGTGACCATGATGAAGCTGACTCCTA,AGCTAGTAAATACCTGAAAATGCTTAAAGACGAAAAGAGGGAAGAAGATGAGGAGAATGACAATGATAATGAAAGTGACCATGATGAAGCTGACTCCTA,6,CTTTTCGTCTTTAAGCATTTTCAG,9.10172176361084,DeepPE
12,12,09libbestpeg,09libbestpeg,31.3976443491994,False,0,ACAGTGCACTCCT,TTGTCCGGCAGAAAACCCGTG,TTGACGCAGAATGAGGAGTGCACTGTCACGGGTTTTCTGC(G/C)GGACAAGCTGCAGTACAGGAGCCGACTTCAGTACATGGTAACCACGTGGGCACCAGCT,59.28,15,TTGACGCAGAATGAGGAGTGCACTGTCACGGGTTTTCTGCGGGACAAGCTGCAGTACAGGAGCCGACTTCAGTACATGGTAACCACGTGGGCACCAGCT,TTGACGCAGAATGAGGAGTGCACTGTCACGGGTTTTCTGCCGGACAAGCTGCAGTACAGGAGCCGACTTCAGTACATGGTAACCACGTGGGCACCAGCT,6,TTGTCCGGCAGAAAACCCGTGACAGTGCACTCCT,,
13,13,09libendopeg,09libendopeg,9.32415725834683,True,1,AAAACCCGTGA,TACTGCAGCTTGTCCGGCAG,ATGAGGAGTGCACTGTCACGGGTTTTCTGC(G/C)GGACAAGCTGCAGTACAGGAGCCGACTTCAGTACATGGTAACCACGTGGGCACCAGCTGTGTCCCTGT,42.78,5,ATGAGGAGTGCACTGTCACGGGTTTTCTGCGGGACAAGCTGCAGTACAGGAGCCGACTTCAGTACATGGTAACCACGTGGGCACCAGCTGTGTCCCTGT,ATGAGGAGTGCACTGTCACGGGTTTTCTGCCGGACAAGCTGCAGTACAGGAGCCGACTTCAGTACATGGTAACCACGTGGGCACCAGCTGTGTCCCTGT,15,TACTGCAGCTTGTCCGGCAGAAAACCCGTGA,3.851560354232788,DeepPE
14,14,09libworstpeg,09libworstpeg,6.703926020341347,False,0,CAGTGCACTCCTC,CAGCTTGTCCGGCAGAAAACCCGTGA,CTTGACGCAGAATGAGGAGTGCACTGTCACGGGTTTTCTGC(G/C)GGACAAGCTGCAGTACAGGAGCCGACTTCAGTACATGGTAACCACGTGGGCACCAGC,57.1,16,CTTGACGCAGAATGAGGAGTGCACTGTCACGGGTTTTCTGCGGGACAAGCTGCAGTACAGGAGCCGACTTCAGTACATGGTAACCACGTGGGCACCAGC,CTTGACGCAGAATGAGGAGTGCACTGTCACGGGTTTTCTGCCGGACAAGCTGCAGTACAGGAGCCGACTTCAGTACATGGTAACCACGTGGGCACCAGC,10,CAGCTTGTCCGGCAGAAAACCCGTGACAGTGCACTCCTC,,
15,15,17libbestpeg,17libbestpeg,26.071594159651884,True,1,GCGCGAAGCAGGG,CCACGCGCGCCCAGCGGAAT,GATGCCCTCTACGCCCTGCTTCGCGCATTC(G/C)GCTGGGCGCGCGTGGCCCTGGTCACCGCCCCCCAGGACCTGTGGGTGGAGGCGGGACGCTCACTGTCC,16.25,5,GATGCCCTCTACGCCCTGCTTCGCGCATTCGGCTGGGCGCGCGTGGCCCTGGTCACCGCCCCCCAGGACCTGTGGGTGGAGGCGGGACGCTCACTGTCC,GATGCCCTCTACGCCCTGCTTCGCGCATTCCGCTGGGCGCGCGTGGCCCTGGTCACCGCCCCCCAGGACCTGTGGGTGGAGGCGGGACGCTCACTGTCC,15,CCACGCGCGCCCAGCGGAATGCGCGAAGCAGGG,6.088560581207275,DeepPE
16,16,17libendopeg,17libendopeg,8.982744539571371,True,1,GCGCGAAGCAGGGCG,CCAGCGGAAT,GATGCCCTCTACGCCCTGCTTCGCGCATTC(G/C)GCTGGGCGCGCGTGGCCCTGGTCACCGCCCCCCAGGACCTGTGGGTGGAGGCGGGACGCTCACTGTCC,16.25,5,GATGCCCTCTACGCCCTGCTTCGCGCATTCGGCTGGGCGCGCGTGGCCCTGGTCACCGCCCCCCAGGACCTGTGGGTGGAGGCGGGACGCTCACTGTCC,GATGCCCTCTACGCCCTGCTTCGCGCATTCCGCTGGGCGCGCGTGGCCCTGGTCACCGCCCCCCAGGACCTGTGGGTGGAGGCGGGACGCTCACTGTCC,5,CCAGCGGAATGCGCGAAGCAGGGCG,9.113899230957031,DeepPE
17,17,17libworstpeg,17libworstpeg,0.0100901860594474,False,0,GAATGCGCGAAGC,CGCGCGCCCAGCG,CCCTCTACGCCCTGCTTCGCGCATTC(G/C)GCTGGGCGCGCGTGGCCCTGGTCACCGCCCCCCAGGACCTGTGGGTGGAGGCGGGACGCTCACTGTCCACGG,14.31,1,CCCTCTACGCCCTGCTTCGCGCATTCGGCTGGGCGCGCGTGGCCCTGGTCACCGCCCCCCAGGACCTGTGGGTGGAGGCGGGACGCTCACTGTCCACGG,CCCTCTACGCCCTGCTTCGCGCATTCCGCTGGGCGCGCGTGGCCCTGGTCACCGCCCCCCAGGACCTGTGGGTGGAGGCGGGACGCTCACTGTCCACGG,12,CGCGCGCCCAGCGGAATGCGCGAAGC,,
18,18,20libbestpeg,20libbestpeg,59.99260952455359,True,1,GTAGCACTTGAAC,TGGCCTCGCACGTCGG,CCAGGATGTGCGAGTTCAAGTGCTACCCGA(G/C)GTGCGAGGCCAGCTCGGGGGCACCGTGGAGCTGCCGTGCCACCTGCTGCCACCTGTTCCTGGACTGTA,63.73,5,CCAGGATGTGCGAGTTCAAGTGCTACCCGAGGTGCGAGGCCAGCTCGGGGGCACCGTGGAGCTGCCGTGCCACCTGCTGCCACCTGTTCCTGGACTGTA,CCAGGATGTGCGAGTTCAAGTGCTACCCGACGTGCGAGGCCAGCTCGGGGGCACCGTGGAGCTGCCGTGCCACCTGCTGCCACCTGTTCCTGGACTGTA,11,TGGCCTCGCACGTCGGGTAGCACTTGAAC,23.972309112548828,DeepPE
19,19,20libendopeg,20libendopeg,58.02005561184944,True,1,GTAGCAC,CTCGCACGTCGG,CCAGGATGTGCGAGTTCAAGTGCTACCCGA(G/C)GTGCGAGGCCAGCTCGGGGGCACCGTGGAGCTGCCGTGCCACCTGCTGCCACCTGTTCCTGGACTGTA,63.73,5,CCAGGATGTGCGAGTTCAAGTGCTACCCGAGGTGCGAGGCCAGCTCGGGGGCACCGTGGAGCTGCCGTGCCACCTGCTGCCACCTGTTCCTGGACTGTA,CCAGGATGTGCGAGTTCAAGTGCTACCCGACGTGCGAGGCCAGCTCGGGGGCACCGTGGAGCTGCCGTGCCACCTGCTGCCACCTGTTCCTGGACTGTA,7,CTCGCACGTCGGGTAGCAC,23.452289581298828,DeepPE
20,20,20libworstpeg,20libworstpeg,20.488797429425915,False,0,TGCGAGGCCAGCT,CCCGACG,CACGGTGCCCCCGAGCTGGCCTCGCAC(C/G)TCGGGTAGCACTTGAACTCGCACATCCTGGGCTCCTGGGCAGAGAGGACAGAGAGTGAAGTAGTCGGGTGG,42.57,2,CACGGTGCCCCCGAGCTGGCCTCGCACCTCGGGTAGCACTTGAACTCGCACATCCTGGGCTCCTGGGCAGAGAGGACAGAGAGTGAAGTAGTCGGGTGG,CACGGTGCCCCCGAGCTGGCCTCGCACGTCGGGTAGCACTTGAACTCGCACATCCTGGGCTCCTGGGCAGAGAGGACAGAGAGTGAAGTAGTCGGGTGG,5,CCCGACGTGCGAGGCCAGCT,,
21,21,26libbestpeg,26libbestpeg,50.67730868565188,True,1,GATGAGGTCGACC,GCACCTCGATCTCCGAGAT,CCAACCCTAAGAAGGTCGACCTCATCATCT(G/C)GGAGATCGAGGTGCCAAAGGTAGGGGCGGAGTCCCCCAGGCTGGTTCTGTGGTAAGCCCAAAGCTCCC,24.77,5,CCAACCCTAAGAAGGTCGACCTCATCATCTGGGAGATCGAGGTGCCAAAGGTAGGGGCGGAGTCCCCCAGGCTGGTTCTGTGGTAAGCCCAAAGCTCCC,CCAACCCTAAGAAGGTCGACCTCATCATCTCGGAGATCGAGGTGCCAAAGGTAGGGGCGGAGTCCCCCAGGCTGGTTCTGTGGTAAGCCCAAAGCTCCC,14,GCACCTCGATCTCCGAGATGATGAGGTCGACC,6.257741451263428,DeepPE
22,22,26libendopeg,26libendopeg,34.224314924656746,True,1,GATGAGG,GGCACCTCGATCTCCGAGAT,CCAACCCTAAGAAGGTCGACCTCATCATCT(G/C)GGAGATCGAGGTGCCAAAGGTAGGGGCGGAGTCCCCCAGGCTGGTTCTGTGGTAAGCCCAAAGCTCCC,24.77,5,CCAACCCTAAGAAGGTCGACCTCATCATCTGGGAGATCGAGGTGCCAAAGGTAGGGGCGGAGTCCCCCAGGCTGGTTCTGTGGTAAGCCCAAAGCTCCC,CCAACCCTAAGAAGGTCGACCTCATCATCTCGGAGATCGAGGTGCCAAAGGTAGGGGCGGAGTCCCCCAGGCTGGTTCTGTGGTAAGCCCAAAGCTCCC,15,GGCACCTCGATCTCCGAGATGATGAGG,2.433303117752075,DeepPE
23,23,26libworstpeg,26libworstpeg,6.470512057189576,False,0,TAGGGTTGGAGCC,TCTCCGAGATGATGAGGTCGACCTTCT,AAATGCCCAGGCAGGCTCCAACCCTAAGAAGGTCGACCTCATCATCT(G/C)GGAGATCGAGGTGCCAAAGGTAGGGGCGGAGTCCCCCAGGCTGGTTCTGTG,64.03,22,AAATGCCCAGGCAGGCTCCAACCCTAAGAAGGTCGACCTCATCATCTGGGAGATCGAGGTGCCAAAGGTAGGGGCGGAGTCCCCCAGGCTGGTTCTGTG,AAATGCCCAGGCAGGCTCCAACCCTAAGAAGGTCGACCTCATCATCTCGGAGATCGAGGTGCCAAAGGTAGGGGCGGAGTCCCCCAGGCTGGTTCTGTG,5,TCTCCGAGATGATGAGGTCGACCTTCTTAGGGTTGGAGCC,,
24,24,28libbestpeg,28libbestpeg,24.10801928977169,True,1,TGAGGATGCGGTC,GCGTTGTGCATGG,GCCAGCTGTAGGGGACCGCATCCTCACCATG(G/C)ACAACGCGGCTGGAAGAGTGAGAGGAAGGTGGGCCATAGCCTGAGGCTAGAGGGGAGAGGAGAGCTG,73.15,6,GCCAGCTGTAGGGGACCGCATCCTCACCATGGACAACGCGGCTGGAAGAGTGAGAGGAAGGTGGGCCATAGCCTGAGGCTAGAGGGGAGAGGAGAGCTG,GCCAGCTGTAGGGGACCGCATCCTCACCATGCACAACGCGGCTGGAAGAGTGAGAGGAAGGTGGGCCATAGCCTGAGGCTAGAGGGGAGAGGAGAGCTG,7,GCGTTGTGCATGGTGAGGATGCGGTC,,
25,25,28libendopeg,28libendopeg,2.0610058040336163,False,0,ACAACGCGGCTGG,CCTCACCATGC,TCCTCTCACTCTTCCAGCCGCGTTGT(C/G)CATGGTGAGGATGCGGTCCCCTACAGCTGGCCCTGGCAGGTAAGAGCAATAGCAGCTGCCCTCATTCCCACC,70.42,1,TCCTCTCACTCTTCCAGCCGCGTTGTCCATGGTGAGGATGCGGTCCCCTACAGCTGGCCCTGGCAGGTAAGAGCAATAGCAGCTGCCCTCATTCCCACC,TCCTCTCACTCTTCCAGCCGCGTTGTGCATGGTGAGGATGCGGTCCCCTACAGCTGGCCCTGGCAGGTAAGAGCAATAGCAGCTGCCCTCATTCCCACC,10,CCTCACCATGCACAACGCGGCTGG,,
26,26,28libworstpeg,28libworstpeg,2.879717977472501,False,0,ACAACGCGGCTGG,CCATGC,TCCTCTCACTCTTCCAGCCGCGTTGT(C/G)CATGGTGAGGATGCGGTCCCCTACAGCTGGCCCTGGCAGGTAAGAGCAATAGCAGCTGCCCTCATTCCCACC,70.42,1,TCCTCTCACTCTTCCAGCCGCGTTGTCCATGGTGAGGATGCGGTCCCCTACAGCTGGCCCTGGCAGGTAAGAGCAATAGCAGCTGCCCTCATTCCCACC,TCCTCTCACTCTTCCAGCCGCGTTGTGCATGGTGAGGATGCGGTCCCCTACAGCTGGCCCTGGCAGGTAAGAGCAATAGCAGCTGCCCTCATTCCCACC,5,CCATGCACAACGCGGCTGG,,
27,27,31libbestpeg,31libbestpeg,44.83970418315068,True,1,AAGGCTGGCTGAT,ATGTTCATCTCGAGTG,CAAGGCTTCAATAATCAGCCAGCCTTCACT(G/C)GAGATGAACATGGCTCAGCCAGAAATATTGTAATTAACCCATCAAAGGTAATGTTATTTGTTTGTTTC,34.7,5,CAAGGCTTCAATAATCAGCCAGCCTTCACTGGAGATGAACATGGCTCAGCCAGAAATATTGTAATTAACCCATCAAAGGTAATGTTATTTGTTTGTTTC,CAAGGCTTCAATAATCAGCCAGCCTTCACTCGAGATGAACATGGCTCAGCCAGAAATATTGTAATTAACCCATCAAAGGTAATGTTATTTGTTTGTTTC,11,ATGTTCATCTCGAGTGAAGGCTGGCTGAT,7.373022556304932,DeepPE
28,28,31libendopeg,31libendopeg,54.3730605883663,True,1,AAGGCTG,TCATCTCGAGTG,CAAGGCTTCAATAATCAGCCAGCCTTCACT(G/C)GAGATGAACATGGCTCAGCCAGAAATATTGTAATTAACCCATCAAAGGTAATGTTATTTGTTTGTTTC,34.7,5,CAAGGCTTCAATAATCAGCCAGCCTTCACTGGAGATGAACATGGCTCAGCCAGAAATATTGTAATTAACCCATCAAAGGTAATGTTATTTGTTTGTTTC,CAAGGCTTCAATAATCAGCCAGCCTTCACTCGAGATGAACATGGCTCAGCCAGAAATATTGTAATTAACCCATCAAAGGTAATGTTATTTGTTTGTTTC,7,TCATCTCGAGTGAAGGCTG,5.366868019104004,DeepPE
29,29,31libworstpeg,31libworstpeg,0.3294847116138223,False,0,ATATTGTAATTAA,TCACTCGAGATGAACATGGCTCAGCCAGAA,TACCTTTGATGGGTTAATTACAATATTTCTGGCTGAGCCATGTTCATCTC(C/G)AGTGAAGGCTGGCTGATTATTGAAGCCTTGCTTTACATTCACAGCAGT,6.51,25,TACCTTTGATGGGTTAATTACAATATTTCTGGCTGAGCCATGTTCATCTCCAGTGAAGGCTGGCTGATTATTGAAGCCTTGCTTTACATTCACAGCAGT,TACCTTTGATGGGTTAATTACAATATTTCTGGCTGAGCCATGTTCATCTCGAGTGAAGGCTGGCTGATTATTGAAGCCTTGCTTTACATTCACAGCAGT,5,TCACTCGAGATGAACATGGCTCAGCCAGAAATATTGTAATTAA,,
30,30,33libbestpeg,33libbestpeg,44.7030782167432,True,1,TACGGCCATGTAA,TTATTCGTCAGCCGACGC,GCCGGGCTGGGGGTTACATGGCCGTAGCGT(G/C)GGCTGACGAATAAGGGTCTATGCCAGTCTTGGTCATGCCTGGGAAGAGGATGTAGGCGACGGGGGGCT,44.24,5,GCCGGGCTGGGGGTTACATGGCCGTAGCGTGGGCTGACGAATAAGGGTCTATGCCAGTCTTGGTCATGCCTGGGAAGAGGATGTAGGCGACGGGGGGCT,GCCGGGCTGGGGGTTACATGGCCGTAGCGTCGGCTGACGAATAAGGGTCTATGCCAGTCTTGGTCATGCCTGGGAAGAGGATGTAGGCGACGGGGGGCT,13,TTATTCGTCAGCCGACGCTACGGCCATGTAA,10.087974548339844,DeepPE
31,31,33libendopeg,33libendopeg,37.6453096207206,True,1,TACGGCC,GTCAGCCGACGC,GCCGGGCTGGGGGTTACATGGCCGTAGCGT(G/C)GGCTGACGAATAAGGGTCTATGCCAGTCTTGGTCATGCCTGGGAAGAGGATGTAGGCGACGGGGGGCT,44.24,5,GCCGGGCTGGGGGTTACATGGCCGTAGCGTGGGCTGACGAATAAGGGTCTATGCCAGTCTTGGTCATGCCTGGGAAGAGGATGTAGGCGACGGGGGGCT,GCCGGGCTGGGGGTTACATGGCCGTAGCGTCGGCTGACGAATAAGGGTCTATGCCAGTCTTGGTCATGCCTGGGAAGAGGATGTAGGCGACGGGGGGCT,7,GTCAGCCGACGCTACGGCC,8.833763122558594,DeepPE
32,32,33libworstpeg,33libworstpeg,23.60300639845716,False,0,CTACGGCCATGTA,CAGCCGACG,CCGGGCTGGGGGTTACATGGCCGTAGCGT(G/C)GGCTGACGAATAAGGGTCTATGCCAGTCTTGGTCATGCCTGGGAAGAGGATGTAGGCGACGGGGGGCTG,59.37,4,CCGGGCTGGGGGTTACATGGCCGTAGCGTGGGCTGACGAATAAGGGTCTATGCCAGTCTTGGTCATGCCTGGGAAGAGGATGTAGGCGACGGGGGGCTG,CCGGGCTGGGGGTTACATGGCCGTAGCGTCGGCTGACGAATAAGGGTCTATGCCAGTCTTGGTCATGCCTGGGAAGAGGATGTAGGCGACGGGGGGCTG,5,CAGCCGACGCTACGGCCATGTA,,
33,33,EMX12b10libbestpeg,EMX12b10libbestpeg,8.343287701936582,False,0,CATCAACCGGTGG,GCAGAAGAACAAGGGCTCCCATCA,TCGTGGCAATGCGCCACCGGTTGATGTGATGGGAGCCCTT(C/G)TTCTTCTGCTCGGACTCAGGCCCTTCCTCCTCCAGCTTCTGCCGTTTGTACTTTGTCC,48.26,15,TCGTGGCAATGCGCCACCGGTTGATGTGATGGGAGCCCTTCTTCTTCTGCTCGGACTCAGGCCCTTCCTCCTCCAGCTTCTGCCGTTTGTACTTTGTCC,TCGTGGCAATGCGCCACCGGTTGATGTGATGGGAGCCCTTGTTCTTCTGCTCGGACTCAGGCCCTTCCTCCTCCAGCTTCTGCCGTTTGTACTTTGTCC,9,GCAGAAGAACAAGGGCTCCCATCACATCAACCGGTGG,,
34,34,EMX12b10libendopeg,EMX12b10libendopeg,4.5245675220996775,False,0,TTCTTCTGCTCGG,GGAGCCCTTG,GAAGGGCCTGAGTCCGAGCAGAAGAA(G/C)AAGGGCTCCCATCACATCAACCGGTGGCGCATTGCCACGAAGCAGGCCAATGGGGAGGACATCGATGTCACC,69.54,1,GAAGGGCCTGAGTCCGAGCAGAAGAAGAAGGGCTCCCATCACATCAACCGGTGGCGCATTGCCACGAAGCAGGCCAATGGGGAGGACATCGATGTCACC,GAAGGGCCTGAGTCCGAGCAGAAGAACAAGGGCTCCCATCACATCAACCGGTGGCGCATTGCCACGAAGCAGGCCAATGGGGAGGACATCGATGTCACC,9,GGAGCCCTTGTTCTTCTGCTCGG,,
35,35,EMX12b10libworstpeg,EMX12b10libworstpeg,0.1066163342777803,False,0,TCTTCTGCTCGGA,CCCTTGT,GGAAGGGCCTGAGTCCGAGCAGAAGAA(G/C)AAGGGCTCCCATCACATCAACCGGTGGCGCATTGCCACGAAGCAGGCCAATGGGGAGGACATCGATGTCAC,72.34,2,GGAAGGGCCTGAGTCCGAGCAGAAGAAGAAGGGCTCCCATCACATCAACCGGTGGCGCATTGCCACGAAGCAGGCCAATGGGGAGGACATCGATGTCAC,GGAAGGGCCTGAGTCCGAGCAGAAGAACAAGGGCTCCCATCACATCAACCGGTGGCGCATTGCCACGAAGCAGGCCAATGGGGAGGACATCGATGTCAC,5,CCCTTGTTCTTCTGCTCGGA,,
36,36,FANCF2b10libbestpeg,FANCF2b10libbestpeg,33.60851425982973,True,1,GCTGCAGAAGGGA,TCGGAAAAGCGATCAAGGT,GCACCTCATGGAATCCCTTCTGCAGCACCT(G/T)GATCGCTTTTCCGAGCTTCTGGCGGTCTCAAGCACTACCTACGTCAGCACCTGGGACCCCGCCACCGT,60.38,5,GCACCTCATGGAATCCCTTCTGCAGCACCTGGATCGCTTTTCCGAGCTTCTGGCGGTCTCAAGCACTACCTACGTCAGCACCTGGGACCCCGCCACCGT,GCACCTCATGGAATCCCTTCTGCAGCACCTTGATCGCTTTTCCGAGCTTCTGGCGGTCTCAAGCACTACCTACGTCAGCACCTGGGACCCCGCCACCGT,14,TCGGAAAAGCGATCAAGGTGCTGCAGAAGGGA,,
37,37,FANCF2b10libendopeg,FANCF2b10libendopeg,14.222313944773086,True,1,GCTGCAGAAGGGA,CGATCAAGGT,GCACCTCATGGAATCCCTTCTGCAGCACCT(G/T)GATCGCTTTTCCGAGCTTCTGGCGGTCTCAAGCACTACCTACGTCAGCACCTGGGACCCCGCCACCGT,60.38,5,GCACCTCATGGAATCCCTTCTGCAGCACCTGGATCGCTTTTCCGAGCTTCTGGCGGTCTCAAGCACTACCTACGTCAGCACCTGGGACCCCGCCACCGT,GCACCTCATGGAATCCCTTCTGCAGCACCTTGATCGCTTTTCCGAGCTTCTGGCGGTCTCAAGCACTACCTACGTCAGCACCTGGGACCCCGCCACCGT,5,CGATCAAGGTGCTGCAGAAGGGA,,
38,38,FANCF2b10libworstpeg,FANCF2b10libworstpeg,0.4376916563282664,False,0,TCGCTTTTCCGAG,CACCTTGA,AGACCGCCAGAAGCTCGGAAAAGCGATC(C/A)AGGTGCTGCAGAAGGGATTCCATGAGGTGCGCGAAGGCCCTACTTCCGCTTTCACCTTGGAGACGGCGAC,57.48,3,AGACCGCCAGAAGCTCGGAAAAGCGATCCAGGTGCTGCAGAAGGGATTCCATGAGGTGCGCGAAGGCCCTACTTCCGCTTTCACCTTGGAGACGGCGAC,AGACCGCCAGAAGCTCGGAAAAGCGATCAAGGTGCTGCAGAAGGGATTCCATGAGGTGCGCGAAGGCCCTACTTCCGCTTTCACCTTGGAGACGGCGAC,5,CACCTTGATCGCTTTTCCGAG,,
39,39,HEK32b20libbestpeg,HEK32b20libbestpeg,9.7382206078181,False,0,GATTGACCCAGGC,TGCCATCTCGTGCTCAGTCTGGGCCCCAAG,TTCTCCAGCCCTGGCCTGGGTCAATCCTTGGGGCCCAGACTGAGCACG(T/A)GATGGCAGAGGAAAGGAAGCCCTGCTTCCTCCAGAGGGCGTCGCAGGACA,41.95,23,TTCTCCAGCCCTGGCCTGGGTCAATCCTTGGGGCCCAGACTGAGCACGTGATGGCAGAGGAAAGGAAGCCCTGCTTCCTCCAGAGGGCGTCGCAGGACA,TTCTCCAGCCCTGGCCTGGGTCAATCCTTGGGGCCCAGACTGAGCACGAGATGGCAGAGGAAAGGAAGCCCTGCTTCCTCCAGAGGGCGTCGCAGGACA,7,TGCCATCTCGTGCTCAGTCTGGGCCCCAAGGATTGACCCAGGC,,
40,40,HEK32b20libendopeg,HEK32b20libendopeg,1.740541111346655,False,0,CGTGCTCAGTCTG,CTTCCTTTCCTCTGCCATCT,AATCCTTGGGGCCCAGACTGAGCACG(T/A)GATGGCAGAGGAAAGGAAGCCCTGCTTCCTCCAGAGGGCGTCGCAGGACAGCTTTTCCTAGACAGGGGCTAG,63.26,1,AATCCTTGGGGCCCAGACTGAGCACGTGATGGCAGAGGAAAGGAAGCCCTGCTTCCTCCAGAGGGCGTCGCAGGACAGCTTTTCCTAGACAGGGGCTAG,AATCCTTGGGGCCCAGACTGAGCACGAGATGGCAGAGGAAAGGAAGCCCTGCTTCCTCCAGAGGGCGTCGCAGGACAGCTTTTCCTAGACAGGGGCTAG,19,CTTCCTTTCCTCTGCCATCTCGTGCTCAGTCTG,6.932,PE_Position
41,41,HEK32b20libworstpeg,HEK32b20libworstpeg,7.531235170122632,False,0,CGTGCTCAGTCTG,CCATCT,AATCCTTGGGGCCCAGACTGAGCACG(T/A)GATGGCAGAGGAAAGGAAGCCCTGCTTCCTCCAGAGGGCGTCGCAGGACAGCTTTTCCTAGACAGGGGCTAG,63.26,1,AATCCTTGGGGCCCAGACTGAGCACGTGATGGCAGAGGAAAGGAAGCCCTGCTTCCTCCAGAGGGCGTCGCAGGACAGCTTTTCCTAGACAGGGGCTAG,AATCCTTGGGGCCCAGACTGAGCACGAGATGGCAGAGGAAAGGAAGCCCTGCTTCCTCCAGAGGGCGTCGCAGGACAGCTTTTCCTAGACAGGGGCTAG,5,CCATCTCGTGCTCAGTCTG,,
42,42,RNF22b14libbestpeg,RNF22b14libbestpeg,63.68330426485181,True,1,GTGTTCGTTGTAA,TTAGTCATTACATGAG,CAGTTTATATGAGTTACAACGAACACCTCA(G/T)GTAATGACTAAGATGACTGCCAAGGGGCATATGAGACGTGTAAACTGGGATACATTTTTAGAACATGA,51.1,5,CAGTTTATATGAGTTACAACGAACACCTCAGGTAATGACTAAGATGACTGCCAAGGGGCATATGAGACGTGTAAACTGGGATACATTTTTAGAACATGA,CAGTTTATATGAGTTACAACGAACACCTCATGTAATGACTAAGATGACTGCCAAGGGGCATATGAGACGTGTAAACTGGGATACATTTTTAGAACATGA,11,TTAGTCATTACATGAGGTGTTCGTTGTAA,,
43,43,RNF22b14libendopeg,RNF22b14libendopeg,10.601202481321735,False,0,GTAATGACTAAGATG,AACGAACACCTCAT,CCCTTGGCAGTCATCTTAGTCATTAC(C/A)TGAGGTGTTCGTTGTAACTCATATAAACTGAGTTCCCATGTTTTGCTTAATGGTTGAGTTCCGTTTGTCTGC,52.23,1,CCCTTGGCAGTCATCTTAGTCATTACCTGAGGTGTTCGTTGTAACTCATATAAACTGAGTTCCCATGTTTTGCTTAATGGTTGAGTTCCGTTTGTCTGC,CCCTTGGCAGTCATCTTAGTCATTACATGAGGTGTTCGTTGTAACTCATATAAACTGAGTTCCCATGTTTTGCTTAATGGTTGAGTTCCGTTTGTCTGC,13,AACGAACACCTCATGTAATGACTAAGATG,,
44,44,RNF22b14libworstpeg,RNF22b14libworstpeg,1.3707323606782948,False,0,GTAATGACTAAGA,CCTCAT,CCCTTGGCAGTCATCTTAGTCATTAC(C/A)TGAGGTGTTCGTTGTAACTCATATAAACTGAGTTCCCATGTTTTGCTTAATGGTTGAGTTCCGTTTGTCTGC,52.23,1,CCCTTGGCAGTCATCTTAGTCATTACCTGAGGTGTTCGTTGTAACTCATATAAACTGAGTTCCCATGTTTTGCTTAATGGTTGAGTTCCGTTTGTCTGC,CCCTTGGCAGTCATCTTAGTCATTACATGAGGTGTTCGTTGTAACTCATATAAACTGAGTTCCCATGTTTTGCTTAATGGTTGAGTTCCGTTTGTCTGC,5,CCTCATGTAATGACTAAGA,,
